case,case_class,gene,kind,label,resolved_name,chembl_id,pubchem_cid,max_phase,is_approved,smiles,inchikey,heavy_atoms,mw,qed,sa_score,pains,brenk,tox_alert,target_pdb,counter_pdb,affinity_target,affinity_counter,margin,le_target,in_site_target,n_contacts,n_hbonds,goal_residue,goal_feature,hinge_met793,at_met793,covalent_cys797_a,covalent_feasible,divergent_contacts,conserved_contacts,selectivity_ratio,selectivity_method,pchembl,novelty,novelty_verdict,max_tanimoto,nearest_analog_id,nearest_analog_name,nearest_analog_similarity,round,scaffold_smiles,scaffold_affinity,delta_this_round,cumulative_delta,goal_axis,survivor_rank,is_carried_lead,front_size,sel_gate_verdict,sel_gate_worst_margin,sel_gate_limiting,sel_gate_reason,gate_threshold_kcal,thr_verdict,counter_margin,counter_limiting,counter_held_target,n_counter_pockets,counter_basis,n_divergent_site,strain_kcal,pose_valid,core_pin_dev_a,exhaustiveness,box_sha8,source_file,superseded_by_redock,is_peptide_like,n_peptide_bonds,note
EGFR_T790M_vs_WT,kinase / mutant-selective,EGFR,reference,chembl_1,"Pyrrolo[2,3-d]pyrimidin-6-one deriv. 26r",CHEMBL304271,5329246,,False,CCN(CC)CC(O)CNC(=O)c1cc(C)c(/C=C2\C(=O)Nc3ncnc(Nc4ccc(F)c(Cl)c4)c32)[nH]1,CBPCSPAXUJCCML-YVLHZVERSA-N,38,542.0,0.248,3.6,False,True,,6TFV,8A27,-9.21,-9.68,-0.47,0.242,True,8,0,,,,,,,,,,,9.35,known,"KNOWN compound - catalogued in PubChem as 'Pyrrolo[2,3-d]pyrimidin-6-one deriv. 26r'",1.0,CHEMBL304271,,100.0,,,,,,,,,,,,,,,,,,,,,,,,,4,,bench_multi_rows.csv,True,False,0,
EGFR_T790M_vs_WT,kinase / mutant-selective,EGFR,reference,chembl_2,"Pyrrolo[2,3-d]pyrimidin-6-one deriv. 26p",CHEMBL69358,5329244,,False,CCN(CC)CCNC(=O)c1cc(C)c(/C=C2\C(=O)Nc3ncnc(Nc4ccc(F)c(Cl)c4)c32)[nH]1,SXQLWNOERMLQGM-VBKFSLOCSA-N,36,512.0,0.32,3.05,False,True,,6TFV,8A27,-9.61,-8.74,0.87,0.267,True,8,0,,,,,,,,,,,8.92,known,"KNOWN compound - catalogued in PubChem as 'Pyrrolo[2,3-d]pyrimidin-6-one deriv. 26p'",1.0,CHEMBL69358,,100.0,,,,,,,,,,,,,,,,,,,,,,,,,4,,bench_multi_rows.csv,True,False,0,
EGFR_T790M_vs_WT,kinase / mutant-selective,EGFR,reference,chembl_3,"Pyrrolo[2,3-d]pyrimidin-6-one deriv. 28c",CHEMBL67003,5329251,,False,Cc1cc(C(=O)N2CCOCC2)[nH]c1/C=C1\C(=O)Nc2ncnc(Nc3ccc4c(cnn4Cc4ccccc4)c3)c21,MDCWIVYFXQKDOP-HAHDFKILSA-N,42,560.6,0.265,3.11,False,True,,6TFV,8A27,-12.41,-11.41,1.0,0.295,True,12,1,,,,,,,,,,,8.74,known,"KNOWN compound - catalogued in PubChem as 'Pyrrolo[2,3-d]pyrimidin-6-one deriv. 28c'",1.0,CHEMBL67003,,100.0,,,,,,,,,,,,,,,,,,,,,,,,,4,,bench_multi_rows.csv,True,False,0,
EGFR_T790M_vs_WT,kinase / mutant-selective,EGFR,reference,chembl_4,"Pyrrolo[2,3-d]pyrimidin-6-one deriv. 26l",CHEMBL305246,5329240,,False,Cc1cc(C(=O)N2CCN(C)CC2)[nH]c1/C=C1\C(=O)Nc2ncnc(Nc3ccc(F)c(Cl)c3)c21,FNFNGVSJMJREKW-PTNGSMBKSA-N,35,495.9,0.478,2.99,False,True,,6TFV,8A27,-10.78,-10.21,0.57,0.308,True,8,0,,,,,,,,,,,8.55,known,"KNOWN compound - catalogued in PubChem as 'Pyrrolo[2,3-d]pyrimidin-6-one deriv. 26l'",1.0,CHEMBL305246,,100.0,,,,,,,,,,,,,,,,,,,,,,,,,4,,bench_multi_rows.csv,True,False,0,
EGFR_T790M_vs_WT,kinase / mutant-selective,EGFR,reference,chembl_5,"Pyrrolo[2,3-d]pyrimidin-6-one deriv. 28b",CHEMBL67057,5329250,,False,Cc1cc(C(=O)N2CCOCC2)[nH]c1/C=C1\C(=O)Nc2ncnc(Nc3ccc4c(ccn4Cc4ccccc4)c3)c21,CBRVEUABHHKTIL-ULJHMMPZSA-N,42,559.6,0.257,3.08,False,True,,6TFV,8A27,-11.99,-11.36,0.63,0.285,True,11,1,,,,,,,,,,,8.35,known,"KNOWN compound - catalogued in PubChem as 'Pyrrolo[2,3-d]pyrimidin-6-one deriv. 28b'",1.0,CHEMBL67057,,100.0,,,,,,,,,,,,,,,,,,,,,,,,,4,,bench_multi_rows.csv,True,False,0,
EGFR_T790M_vs_WT,kinase / mutant-selective,EGFR,reference,chembl_6,"Pyrrolo[2,3-d]pyrimidin-6-one deriv. 26e",CHEMBL308645,5329233,,False,Cc1cc(CCC(=O)O)[nH]c1/C=C1\C(=O)Nc2ncnc(Nc3ccc(F)c(Cl)c3)c21,QKAUOZDTEZWAOG-JYRVWZFOSA-N,31,441.9,0.426,2.99,False,True,,6TFV,8A27,-10.05,-9.2,0.85,0.324,True,9,0,,,,,,,,,,,8.33,known,"KNOWN compound - catalogued in PubChem as 'Pyrrolo[2,3-d]pyrimidin-6-one deriv. 26e'",1.0,CHEMBL308645,,100.0,,,,,,,,,,,,,,,,,,,,,,,,,4,,bench_multi_rows.csv,True,False,0,
EGFR_T790M_vs_WT,kinase / mutant-selective,EGFR,generated,lead_1,,,,,False,CS(=O)(=O)C=Cc1cccc(Nc2ncnc3ccccc23)c1,VFOUAPQDIWEKMB-UHFFFAOYSA-N,23,325.4,0.796,2.29,False,False,,6TFV,8A27,-9.13,-9.04,0.09,0.397,True,11,2,,,,,,,,,,,,related_chemotype,"RELATED to a known chemotype (nearest Tanimoto 0.61) - novel specific structure, known scaffold family",0.614,CHEMBL2260256,,61.4,,,,,,,,,,,,,,,,,,,,,,,,,4,,bench_multi_rows.csv,False,False,0,
EGFR_T790M_vs_WT,kinase / mutant-selective,EGFR,generated,lead_2,,,,,False,N#CN(c1ccccc1)c1ncnc2c1C(=Cc1ccc[nH]1)C(=O)N2,JMBWPGRCRAASKB-UHFFFAOYSA-N,25,328.3,0.438,3.26,False,True,,6TFV,8A27,-8.83,-7.57,1.26,0.353,True,9,1,,,,,,,,,,,,related_chemotype,"RELATED to a known chemotype (nearest Tanimoto 0.46) - novel specific structure, known scaffold family",0.457,CHEMBL69106,,45.7,,,,,,,,,,,,,,,,,,,,,,,,,4,,bench_multi_rows.csv,False,False,0,
BRAF_V600E,constrained,BRAF,reference,chembl_1,SB590885,CHEMBL477989,135421339,,False,CN(C)CCOc1ccc(-c2nc(-c3ccncc3)c(-c3ccc4c(c3)CC/C4=N\O)[nH]2)cc1,MLSAQOINCGAULQ-QFMPWRQOSA-N,34,453.5,0.308,2.72,False,True,,8C7Y,1UWH,-10.53,-10.12,0.41,0.31,True,12,1,Cys532,hbond_acceptor,,,,,,,,,9.52,known,KNOWN compound - catalogued in PubChem as '(E)-SB-590885',1.0,CHEMBL477989,SB590885,100.0,,,,,,,,,,,,,,,,,,,,,,,,,4,,panel_BRAF_V600E.csv,True,False,0,
BRAF_V600E,constrained,BRAF,reference,chembl_2,"(NZ)-N-[5-(2-phenyl-5-pyridin-4-yl-1H-imidazol-4-yl)-2,3-dihydroinden-1-ylidene]hydroxylamine",CHEMBL372543,136184478,,False,O/N=C1/CCc2cc(-c3[nH]c(-c4ccccc4)nc3-c3ccncc3)ccc21,VSBSSDLCXXCVJB-OOAXWGSJSA-N,28,366.4,0.399,2.53,False,True,,8C7Y,1UWH,-10.27,-11.01,-0.74,0.367,True,8,0,Cys532,hbond_acceptor,,,,,,,,,8.89,known,"KNOWN compound - catalogued in PubChem as '(NZ)-N-[5-(2-phenyl-5-pyridin-4-yl-1H-imidazol-4-yl)-2,3-dihydroinden-1-ylide",1.0,CHEMBL372543,,100.0,,,,,,,,,,,,,,,,,,,,,,,,,4,,panel_BRAF_V600E.csv,True,False,0,
BRAF_V600E,constrained,BRAF,reference,chembl_3,(NE)-N-[[4-(2-phenyl-5-pyridin-4-yl-1H-imidazol-4-yl)phenyl]methylidene]hydroxylamine,CHEMBL200783,136184483,,False,O/N=C/c1ccc(-c2[nH]c(-c3ccccc3)nc2-c2ccncc2)cc1,SNRTVQGDEVGTKE-OEAKJJBVSA-N,26,340.4,0.323,2.29,False,True,,8C7Y,1UWH,-9.89,-9.93,-0.04,0.38,True,9,1,Cys532,hbond_acceptor,,,,,,,,,8.3,known,KNOWN compound - catalogued in PubChem as '(NE)-N-[[4-(2-phenyl-5-pyridin-4-yl-1H-imidazol-4-yl)phenyl]methylidene]hydro,1.0,CHEMBL200783,,100.0,,,,,,,,,,,,,,,,,,,,,,,,,4,,panel_BRAF_V600E.csv,True,False,0,
BRAF_V600E,constrained,BRAF,reference,chembl_4,5-(5-(2-aminopyrimidin-4-yl)-2-phenyl-1H-imidazol-4-yl)-2-chlorophenol,CHEMBL200258,44406594,,False,Nc1nccc(-c2[nH]c(-c3ccccc3)nc2-c2ccc(Cl)c(O)c2)n1,OKHHFJVOMXBGTO-UHFFFAOYSA-N,26,363.8,0.507,2.4,False,False,,8C7Y,1UWH,-9.59,-9.77,-0.18,0.369,True,11,0,Cys532,hbond_acceptor,,,,,,,,,8.24,known,KNOWN compound - catalogued in PubChem as '5-(5-(2-aminopyrimidin-4-yl)-2-phenyl-1H-imidazol-4-yl)-2-chlorophenol',1.0,CHEMBL200258,,100.0,,,,,,,,,,,,,,,,,,,,,,,,,4,,panel_BRAF_V600E.csv,True,False,0,
BRAF_V600E,constrained,BRAF,reference,chembl_5,5-(2-(1-amino-2-methylpropan-2-yl)-5-(pyridin-4-yl)-1H-imidazol-4-yl)-2-chlorophenol,CHEMBL200889,22185475,,False,CC(C)(CN)c1nc(-c2ccc(Cl)c(O)c2)c(-c2ccncc2)[nH]1,YRHGMGAVJILIGS-UHFFFAOYSA-N,24,342.8,0.674,2.72,False,False,,8C7Y,1UWH,-8.09,-8.41,-0.32,0.337,True,10,1,Cys532,hbond_acceptor,,,,,,,,,8.22,known,KNOWN compound - catalogued in PubChem as '5-(2-(1-amino-2-methylpropan-2-yl)-5-(pyridin-4-yl)-1H-imidazol-4-yl)-2-chlor,1.0,CHEMBL200889,,100.0,,,,,,,,,,,,,,,,,,,,,,,,,4,,panel_BRAF_V600E.csv,True,False,0,
BRAF_V600E,constrained,BRAF,generated,lead_1,,,,,False,O=Cc1ccccc1-c1[nH]c(-c2ccccc2)nc1-c1ccncc1,LNOPQJDWZHKPOX-UHFFFAOYSA-N,25,325.4,0.557,2.26,False,True,,8C7Y,1UWH,-10.02,-10.42,-0.4,0.401,True,9,1,Cys532,hbond_acceptor,,,,,,,,,,related_chemotype,"RELATED to a known chemotype (nearest Tanimoto 0.65) - novel specific structure, known scaffold family",0.65,CHEMBL3978363,,65.0,,,,,,,,,,,,,,,,,,,,,,,,,4,,panel_BRAF_V600E.csv,True,False,0,
BRAF_V600E,constrained,BRAF,generated,lead_2,,,,,False,Nc1cccc(-c2nc[nH]c2-c2ccncc2)c1,GKVIETPGMGOWRJ-UHFFFAOYSA-N,18,236.3,0.672,2.34,False,True,,8C7Y,1UWH,-8.13,-8.75,-0.62,0.452,True,9,1,Cys532,hbond_acceptor,,,,,,,,,,related_chemotype,"RELATED to a known chemotype (nearest Tanimoto 0.69) - novel specific structure, known scaffold family",0.692,CHEMBL5984036,,69.2,,,,,,,,,,,,,,,,,,,,,,,,,4,,panel_BRAF_V600E.csv,False,False,0,
EGFR_T790M,constrained,EGFR,reference,chembl_1,"Pyrrolo[2,3-d]pyrimidin-6-one deriv. 26r",CHEMBL304271,5329246,,False,CCN(CC)CC(O)CNC(=O)c1cc(C)c(/C=C2\C(=O)Nc3ncnc(Nc4ccc(F)c(Cl)c4)c32)[nH]1,CBPCSPAXUJCCML-YVLHZVERSA-N,38,542.0,0.248,3.6,False,True,,6TFV,8A27,-9.62,-10.13,-0.51,0.253,True,11,0,Met793,hbond_acceptor,,,,,,,,,9.35,known,"KNOWN compound - catalogued in PubChem as 'Pyrrolo[2,3-d]pyrimidin-6-one deriv. 26r'",1.0,CHEMBL304271,,100.0,,,,,,,,,,,,,,,,,,,,,,,,,4,,panel_EGFR_T790M_ABL1_T315I_BRAF_V600E.csv,True,False,0,
EGFR_T790M,constrained,EGFR,reference,chembl_2,"Pyrrolo[2,3-d]pyrimidin-6-one deriv. 26p",CHEMBL69358,5329244,,False,CCN(CC)CCNC(=O)c1cc(C)c(/C=C2\C(=O)Nc3ncnc(Nc4ccc(F)c(Cl)c4)c32)[nH]1,SXQLWNOERMLQGM-VBKFSLOCSA-N,36,512.0,0.32,3.05,False,True,,6TFV,8A27,-9.64,-9.9,-0.26,0.268,True,10,0,Met793,hbond_acceptor,,,,,,,,,8.92,known,"KNOWN compound - catalogued in PubChem as 'Pyrrolo[2,3-d]pyrimidin-6-one deriv. 26p'",1.0,CHEMBL69358,,100.0,,,,,,,,,,,,,,,,,,,,,,,,,4,,panel_EGFR_T790M_ABL1_T315I_BRAF_V600E.csv,True,False,0,
EGFR_T790M,constrained,EGFR,reference,chembl_3,"Pyrrolo[2,3-d]pyrimidin-6-one deriv. 28c",CHEMBL67003,5329251,,False,Cc1cc(C(=O)N2CCOCC2)[nH]c1/C=C1\C(=O)Nc2ncnc(Nc3ccc4c(cnn4Cc4ccccc4)c3)c21,MDCWIVYFXQKDOP-HAHDFKILSA-N,42,560.6,0.265,3.11,False,True,,6TFV,8A27,-12.46,-11.61,0.85,0.297,True,12,1,Met793,hbond_acceptor,,,,,,,,,8.74,known,"KNOWN compound - catalogued in PubChem as 'Pyrrolo[2,3-d]pyrimidin-6-one deriv. 28c'",1.0,CHEMBL67003,,100.0,,,,,,,,,,,,,,,,,,,,,,,,,4,,panel_EGFR_T790M_ABL1_T315I_BRAF_V600E.csv,True,False,0,
EGFR_T790M,constrained,EGFR,reference,chembl_4,"Pyrrolo[2,3-d]pyrimidin-6-one deriv. 26l",CHEMBL305246,5329240,,False,Cc1cc(C(=O)N2CCN(C)CC2)[nH]c1/C=C1\C(=O)Nc2ncnc(Nc3ccc(F)c(Cl)c3)c21,FNFNGVSJMJREKW-PTNGSMBKSA-N,35,495.9,0.478,2.99,False,True,,6TFV,8A27,-10.94,-10.68,0.26,0.313,True,8,0,Met793,hbond_acceptor,,,,,,,,,8.55,known,"KNOWN compound - catalogued in PubChem as 'Pyrrolo[2,3-d]pyrimidin-6-one deriv. 26l'",1.0,CHEMBL305246,,100.0,,,,,,,,,,,,,,,,,,,,,,,,,4,,panel_EGFR_T790M_ABL1_T315I_BRAF_V600E.csv,True,False,0,
EGFR_T790M,constrained,EGFR,reference,chembl_5,"Pyrrolo[2,3-d]pyrimidin-6-one deriv. 28b",CHEMBL67057,5329250,,False,Cc1cc(C(=O)N2CCOCC2)[nH]c1/C=C1\C(=O)Nc2ncnc(Nc3ccc4c(ccn4Cc4ccccc4)c3)c21,CBRVEUABHHKTIL-ULJHMMPZSA-N,42,559.6,0.257,3.08,False,True,,6TFV,8A27,-11.2,-12.03,-0.83,0.267,True,11,0,Met793,hbond_acceptor,,,,,,,,,8.35,known,"KNOWN compound - catalogued in PubChem as 'Pyrrolo[2,3-d]pyrimidin-6-one deriv. 28b'",1.0,CHEMBL67057,,100.0,,,,,,,,,,,,,,,,,,,,,,,,,4,,panel_EGFR_T790M_ABL1_T315I_BRAF_V600E.csv,True,False,0,
EGFR_T790M,constrained,EGFR,generated,lead_1,,,,,False,c1ccc(Nc2ncnc3cccc(Oc4ccccc4)c23)cc1,IFYVEOVCFKJNAH-UHFFFAOYSA-N,24,313.4,0.565,1.88,False,False,,6TFV,8A27,-8.74,-9.16,-0.42,0.364,True,8,1,Met793,hbond_acceptor,,,,,,,,,,related_chemotype,"RELATED to a known chemotype (nearest Tanimoto 0.58) - novel specific structure, known scaffold family",0.581,CHEMBL304760,,58.1,,,,,,,,,,,,,,,,,,,,,,,,,4,,panel_EGFR_T790M_ABL1_T315I_BRAF_V600E.csv,True,False,0,
EGFR_T790M,constrained,EGFR,generated,lead_2,,,,,False,O=C1Nc2nc(Oc3ccccc3)nc(Nc3ccccc3)c2C1=Cc1ccc[nH]1,IRUMDCRXNPDFOY-UHFFFAOYSA-N,30,395.4,0.421,2.72,False,True,,6TFV,8A27,-9.96,-10.29,-0.33,0.332,True,10,1,Met793,hbond_acceptor,,,,,,,,,,related_chemotype,"RELATED to a known chemotype (nearest Tanimoto 0.47) - novel specific structure, known scaffold family",0.471,CHEMBL69106,,47.1,,,,,,,,,,,,,,,,,,,,,,,,,4,,panel_EGFR_T790M_ABL1_T315I_BRAF_V600E.csv,False,False,0,
KRAS_G12C,constrained,KRAS,reference,chembl_1,,CHEMBL3958857,86299895,,False,Nc1nc2c(ncn2[C@@H]2O[C@H](COP(=O)(O)OP(=O)(O)OCCNC(=O)CCl)[C@@H](O)[C@H]2O)c(=O)[nH]1,LYRLHTRLCKSXIV-ZRFIDHNTSA-N,35,562.8,0.088,4.5,False,True,,6OIM,,-7.55,,,0.216,True,11,4,Cys12,covalent,,,,,,,,,8.05,known,KNOWN compound - catalogued in PubChem,1.0,CHEMBL3958857,,100.0,,,,,,,,,,,,,,,,,,,,,,,,,4,,panel_KRAS_G12C_CDK6_CDK2_JAK2_JAK1.csv,True,False,0,
KRAS_G12C,constrained,KRAS,reference,chembl_2,"1-(3,3-Dimethylbutyl)-3-[2-fluoro-4-methyl-5-[2-(methylamino)pyrido[2,3-d]pyrimidin-6-yl]phenyl]urea",CHEMBL3577123,89814000,,False,CNc1ncc2cc(-c3cc(NC(=O)NCCC(C)(C)C)c(F)cc3C)cnc2n1,JZBKPHTXKRZFGY-UHFFFAOYSA-N,30,410.5,0.565,2.76,False,False,,6OIM,,-7.64,,,0.255,True,9,0,Cys12,covalent,,,,,,,,,7.8,known,"KNOWN compound - catalogued in PubChem as '1-(3,3-Dimethylbutyl)-3-[2-fluoro-4-methyl-5-[2-(methylamino)pyrido[2,3-d]pyr",1.0,CHEMBL3577123,,100.0,,,,,,,,,,,,,,,,,,,,,,,,,4,,panel_KRAS_G12C_CDK6_CDK2_JAK2_JAK1.csv,True,False,0,
KRAS_G12C,constrained,KRAS,reference,chembl_3,Ac-Arg-Arg-Arg-Arg-Cys(1)-Pro-Leu-Tyr-Ile-Ser-Tyr-Asp-Pro-Val-Cys(1)-Arg-Arg-Arg-Arg-NH2,CHEMBL4072295,137639750,,False,CC[C@H](C)[C@@H]1NC(=O)[C@H](Cc2ccc(O)cc2)NC(=O)[C@H](CC(C)C)NC(=O)[C@@H]2CCCN2C(=O)[C@@H](NC(=O)[C@H](CCCNC(=N)N)NC(=O)[C@H](CCCNC(=N)N)NC(=O)[C@H](CCCNC(=N)N)NC(=O)[C@H](CCCNC(=N)N)NC(C)=O)CSSC[C@@H](C(=O)N[C@@H](CCCNC(=N)N)C(=O)N[C@@H](CCCNC(=N)N)C(=O)N[C@@H](CCCNC(=N)N)C(=O)N[C@@H](CCCNC(=N)N)C(N)=O)NC(=O)[C@H](C(C)C)NC(=O)[C@@H]2CCCN2C(=O)[C@H](CC(=O)O)NC(=O)[C@H](Cc2ccc(O)cc2)NC(=O)[C@H](CO)NC1=O,SVUZBYDIXUMDGY-WVEXBLHFSA-N,179,2561.1,0.013,8.94,False,True,,6OIM,,,,,,,,,Cys12,covalent,,,,,,,,,7.38,known,KNOWN compound - catalogued in PubChem as 'Ac-Arg-Arg-Arg-Arg-Cys(1)-Pro-Leu-Tyr-Ile-Ser-Tyr-Asp-Pro-Val-Cys(1)-Arg-Arg-,1.0,CHEMBL5189659,,100.0,,,,,,,,,,,,,,,,,,,,,,,,,4,,panel_KRAS_G12C_CDK6_CDK2_JAK2_JAK1.csv,True,True,19,
KRAS_G12C,constrained,KRAS,reference,chembl_4,"1-(3,3-Dimethylbutyl)-3-[2-fluoro-5-[2-methyl-7-(methylamino)-1,6-naphthyridin-3-yl]phenyl]urea",CHEMBL3577120,71736390,,False,CNc1cc2nc(C)c(-c3ccc(F)c(NC(=O)NCCC(C)(C)C)c3)cc2cn1,MIKNQZDKGNLBRE-UHFFFAOYSA-N,30,409.5,0.531,2.63,False,False,,6OIM,,-9.66,,,0.322,True,12,0,Cys12,covalent,,,,,,,,,7.34,known,"KNOWN compound - catalogued in PubChem as '1-(3,3-Dimethylbutyl)-3-[2-fluoro-5-[2-methyl-7-(methylamino)-1,6-naphthyridi",1.0,CHEMBL3577120,,100.0,,,,,,,,,,,,,,,,,,,,,,,,,4,,panel_KRAS_G12C_CDK6_CDK2_JAK2_JAK1.csv,True,False,0,
KRAS_G12C,constrained,KRAS,reference,chembl_5,"1-(3,3-Dimethylbutyl)-3-[2-fluoro-5-[7-methyl-2-(methylamino)pyrido[2,3-d]pyrimidin-6-yl]phenyl]urea",CHEMBL3577119,71730951,,False,CNc1ncc2cc(-c3ccc(F)c(NC(=O)NCCC(C)(C)C)c3)c(C)nc2n1,MWMSJCLJVPGLKV-UHFFFAOYSA-N,30,410.5,0.565,2.7,False,False,,6OIM,,-9.56,,,0.319,True,10,0,Cys12,covalent,,,,,,,,,7.32,known,"KNOWN compound - catalogued in PubChem as '1-(3,3-Dimethylbutyl)-3-[2-fluoro-5-[7-methyl-2-(methylamino)pyrido[2,3-d]pyr",1.0,CHEMBL3577119,,100.0,,,,,,,,,,,,,,,,,,,,,,,,,4,,panel_KRAS_G12C_CDK6_CDK2_JAK2_JAK1.csv,True,False,0,
KRAS_G12C,constrained,KRAS,generated,lead_1,,,,,False,NC(=O)C=CN1CC(=O)NC(Cc2ccccc2)C(=O)NCC(=O)N2CCCC2C(=O)NCC(=O)NCCSSCCC(=O)N2CCCC2C(=O)NCC(=O)NC(Cc2ccccc2)C(=O)NCC1=O,ZJYDJRWNXNXEBR-UHFFFAOYSA-N,70,1006.2,0.111,5.81,False,True,,6OIM,,-10.1,,,0.144,True,12,1,Cys12,covalent,,,,,,,,,,related_chemotype,"RELATED to a known chemotype (nearest Tanimoto 0.54) - novel specific structure, known scaffold family",0.536,CHEMBL452902,YUNNANIN A,53.6,,,,,,,,,,,,,,,,,,,,,,,,,4,,panel_KRAS_G12C_CDK6_CDK2_JAK2_JAK1.csv,False,True,9,
KRAS_G12C,constrained,KRAS,generated,lead_2,,,,,False,CS(=O)(=O)C=Cc1nc2c(ncn2C2CCCO2)c(=O)[nH]1,REJMMSNIHRIBAQ-UHFFFAOYSA-N,21,310.3,0.881,3.6,False,False,,6OIM,,-7.2,,,0.343,True,8,1,Cys12,covalent,,,,,,,,,,related_chemotype,"RELATED to a known chemotype (nearest Tanimoto 0.46) - novel specific structure, known scaffold family",0.458,CHEMBL1256007,,45.8,,,,,,,,,,,,,,,,,,,,,,,,,4,,panel_KRAS_G12C_CDK6_CDK2_JAK2_JAK1.csv,False,False,0,
CDK6_CDK2,constrained,CDK6,reference,chembl_1,"8-(4,4-dimethylcyclohexyl)-N-(5-piperazin-1-yl-2-pyridinyl)-4,6,8,11-tetrazatricyclo[7.4.0.02,7]trideca-1(9),2,4,6,10,12-hexaen-5-amine",CHEMBL3237704,58299870,,False,CC1(C)CCC(n2c3cnccc3c3cnc(Nc4ccc(N5CCNCC5)cn4)nc32)CC1,ZEWPRVBMQMQROZ-UHFFFAOYSA-N,34,456.6,0.462,3.0,False,False,,5L2S,,-10.36,,,0.305,True,9,1,Val101,hbond_acceptor,,,,,,,,,8.96,known,"KNOWN compound - catalogued in PubChem as '8-(4,4-dimethylcyclohexyl)-N-(5-piperazin-1-yl-2-pyridinyl)-4,6,8,11-tetrazat",1.0,CHEMBL3237704,,100.0,,,,,,,,,,,,,,,,,,,,,,,,,4,,panel_KRAS_G12C_CDK6_CDK2_JAK2_JAK1.csv,True,False,0,
CDK6_CDK2,constrained,CDK6,reference,chembl_2,"8-cyclopentyl-N-(2-piperazin-1-ylpyrimidin-5-yl)-4,6,8,11-tetrazatricyclo[7.4.0.02,7]trideca-1(9),2,4,6,10,12-hexaen-5-amine",CHEMBL3698644,42642089,,False,c1cc2c3cnc(Nc4cnc(N5CCNCC5)nc4)nc3n(C3CCCC3)c2cn1,PMMUWIAESYJLQU-UHFFFAOYSA-N,31,415.5,0.525,2.85,False,False,,5L2S,,-9.58,,,0.309,True,11,1,Val101,hbond_acceptor,,,,,,,,,8.96,known,"KNOWN compound - catalogued in PubChem as '8-cyclopentyl-N-(2-piperazin-1-ylpyrimidin-5-yl)-4,6,8,11-tetrazatricyclo[7.4",1.0,CHEMBL3698644,,100.0,,,,,,,,,,,,,,,,,,,,,,,,,4,,panel_KRAS_G12C_CDK6_CDK2_JAK2_JAK1.csv,True,False,0,
CDK6_CDK2,constrained,CDK6,reference,chembl_3,"1-((6-((9-cyclopentyl-9H-pyrido[4',3':4,5]pyrrolo[2,3-d]pyrimidin-2-yl)amino)-3-pyridinyl)methyl)-2-piperazinone",CHEMBL3702128,58300147,,False,O=C1CNCCN1Cc1ccc(Nc2ncc3c4ccncc4n(C4CCCC4)c3n2)nc1,QXZISVGKZJBIFK-UHFFFAOYSA-N,33,442.5,0.49,2.92,False,False,,5L2S,,-10.17,,,0.308,True,10,3,Val101,hbond_acceptor,,,,,,,,,8.57,known,"KNOWN compound - catalogued in PubChem as '1-((6-((9-cyclopentyl-9H-pyrido[4',3':4,5]pyrrolo[2,3-d]pyrimidin-2-yl)amino)",1.0,CHEMBL3702128,,100.0,,,,,,,,,,,,,,,,,,,,,,,,,4,,panel_KRAS_G12C_CDK6_CDK2_JAK2_JAK1.csv,True,False,1,
CDK6_CDK2,constrained,CDK6,reference,chembl_4,"9-cycloheptyl-N-(5-piperazin-1-yl-2-pyridinyl)pyrimido[4,5-b]indol-2-amine",CHEMBL3698674,44132743,,False,c1ccc2c(c1)c1cnc(Nc3ccc(N4CCNCC4)cn3)nc1n2C1CCCCCC1,DLOAOZHQATYZNK-UHFFFAOYSA-N,33,441.6,0.433,2.65,False,False,,5L2S,,-8.08,,,0.245,,,,Val101,hbond_acceptor,,,,,,,,,8.51,known,"KNOWN compound - catalogued in PubChem as '9-cycloheptyl-N-(5-piperazin-1-yl-2-pyridinyl)pyrimido[4,5-b]indol-2-amine'",1.0,CHEMBL3698674,,100.0,,,,,,,,,,,,,,,,,,,,,,,,,4,,panel_KRAS_G12C_CDK6_CDK2_JAK2_JAK1.csv,True,False,0,
CDK6_CDK2,constrained,CDK6,reference,chembl_5,"8-cyclopentyl-N-[5-[4-(2-methoxyethyl)piperazin-1-yl]-2-pyridinyl]-4,6,8,11-tetrazatricyclo[7.4.0.02,7]trideca-1(9),2,4,6,10,12-hexaen-5-amine",CHEMBL3702050,58299693,,False,COCCN1CCN(c2ccc(Nc3ncc4c5ccncc5n(C5CCCC5)c4n3)nc2)CC1,CXOZYBPVDKRPHI-UHFFFAOYSA-N,35,472.6,0.432,2.78,False,False,,5L2S,,-9.02,,,0.258,True,10,1,Val101,hbond_acceptor,,,,,,,,,8.31,known,"KNOWN compound - catalogued in PubChem as '8-cyclopentyl-N-[5-[4-(2-methoxyethyl)piperazin-1-yl]-2-pyridinyl]-4,6,8,11-t",1.0,CHEMBL3702050,,100.0,,,,,,,,,,,,,,,,,,,,,,,,,4,,panel_KRAS_G12C_CDK6_CDK2_JAK2_JAK1.csv,True,False,0,
CDK6_CDK2,constrained,CDK6,generated,lead_1,,,,,False,O=C(NC(=S)Nc1ccccc1)c1cn(-c2ccc(Cc3ccncn3)cc2)nc1-c1ccccc1,CZHVHZWGJKBUFZ-UHFFFAOYSA-N,36,490.6,0.324,2.4,False,True,,5L2S,,-9.72,,,0.27,True,10,0,Val101,hbond_acceptor,,,,,,,,,,related_chemotype,"RELATED to a known chemotype (nearest Tanimoto 0.61) - novel specific structure, known scaffold family",0.609,CHEMBL2426381,,60.9,,,,,,,,,,,,,,,,,,,,,,,,,4,,panel_KRAS_G12C_CDK6_CDK2_JAK2_JAK1.csv,True,False,0,
CDK6_CDK2,constrained,CDK6,generated,lead_2,,,,,False,c1cc(C2CCC(n3c4cnccc4c4cnc(Nc5ccc(N6CCCCC6)nn5)nc43)C2)ccn1,XCAHYXGMDAGSLP-UHFFFAOYSA-N,37,491.6,0.349,3.64,False,False,,5L2S,,-10.95,,,0.296,True,11,1,Val101,hbond_acceptor,,,,,,,,,,related_chemotype,"RELATED to a known chemotype (nearest Tanimoto 0.79) - novel specific structure, known scaffold family",0.785,CHEMBL3698737,,78.5,,,,,,,,,,,,,,,,,,,,,,,,,4,,panel_KRAS_G12C_CDK6_CDK2_JAK2_JAK1.csv,False,False,0,
JAK2_JAK1,constrained,JAK2,reference,chembl_1,Pyridone 6,CHEMBL21156,5494425,,False,CC(C)(C)c1nc2c3ccc(F)cc3c3c(=O)[nH]ccc3c2[nH]1,VNDWQCSOSCCWIP-UHFFFAOYSA-N,23,309.3,0.482,2.72,False,True,,3KRR,4EHZ,-11.33,-10.71,0.62,0.493,True,8,2,Leu932,hbond_acceptor,,,,,,,,,9.0,known,KNOWN compound - catalogued in PubChem as 'Pyridone 6',1.0,CHEMBL21156,,100.0,,,,,,,,,,,,,,,,,,,,,,,,,4,,panel_KRAS_G12C_CDK6_CDK2_JAK2_JAK1.csv,True,False,0,
JAK2_JAK1,constrained,JAK2,reference,chembl_2,"2-(3H-imidazo[4,5-c]pyridin-3-yl)-N-((S)-1-phenylethyl)pyrimidin-4-amine",CHEMBL221029,44419491,,False,C[C@H](Nc1ccnc(-n2cnc3ccncc32)n1)c1ccccc1,YBUYQRWPWRYTQG-ZDUSSCGKSA-N,24,316.4,0.625,2.85,False,False,,3KRR,4EHZ,-9.1,-9.45,-0.35,0.379,True,8,0,Leu932,hbond_acceptor,,,,,,,,,8.4,known,"KNOWN compound - catalogued in PubChem as '2-(3H-imidazo[4,5-c]pyridin-3-yl)-N-((S)-1-phenylethyl)pyrimidin-4-amine'",1.0,CHEMBL221029,,100.0,,,,,,,,,,,,,,,,,,,,,,,,,4,,panel_KRAS_G12C_CDK6_CDK2_JAK2_JAK1.csv,True,False,0,
JAK2_JAK1,constrained,JAK2,reference,chembl_3,"2-(3H-imidazo[4,5-c]pyridin-3-yl)-N4,N4-dimethyl-N6-((S)-1-phenylethyl)pyrimidine-4,6-diamine",CHEMBL218579,44419559,,False,C[C@H](Nc1cc(N(C)C)nc(-n2cnc3ccncc32)n1)c1ccccc1,HTQVFEXMGNYDLT-AWEZNQCLSA-N,27,359.4,0.588,3.05,False,False,,3KRR,4EHZ,-9.11,-9.75,-0.64,0.337,True,7,0,Leu932,hbond_acceptor,,,,,,,,,8.15,known,"KNOWN compound - catalogued in PubChem as '2-(3H-imidazo[4,5-c]pyridin-3-yl)-N4,N4-dimethyl-N6-((S)-1-phenylethyl)pyrimi",1.0,CHEMBL218579,,100.0,,,,,,,,,,,,,,,,,,,,,,,,,4,,panel_KRAS_G12C_CDK6_CDK2_JAK2_JAK1.csv,True,False,0,
JAK2_JAK1,constrained,JAK2,reference,chembl_4,"N-((S)-1-(4-fluorophenyl)ethyl)-2-(3H-imidazo[4,5-c]pyridin-3-yl)pyrimidin-4-amine",CHEMBL221976,44419492,,False,C[C@H](Nc1ccnc(-n2cnc3ccncc32)n1)c1ccc(F)cc1,PPOFTHNFMSSOFB-LBPRGKRZSA-N,25,334.4,0.618,2.92,False,False,,3KRR,4EHZ,-9.27,-9.68,-0.41,0.371,True,8,1,Leu932,hbond_acceptor,,,,,,,,,8.1,known,"KNOWN compound - catalogued in PubChem as 'N-((S)-1-(4-fluorophenyl)ethyl)-2-(3H-imidazo[4,5-c]pyridin-3-yl)pyrimidin-4-",1.0,CHEMBL221976,,100.0,,,,,,,,,,,,,,,,,,,,,,,,,4,,panel_KRAS_G12C_CDK6_CDK2_JAK2_JAK1.csv,True,False,0,
JAK2_JAK1,constrained,JAK2,reference,chembl_5,STAUROSPORINE,CHEMBL388978,44259,,False,CN[C@@H]1C[C@H]2O[C@@](C)([C@@H]1OC)n1c3ccccc3c3c4c(c5c6ccccc6n2c5c31)C(=O)NC4,HKSZLNNOFSGOKW-FYTWVXJKSA-N,35,466.5,0.406,4.95,False,False,,3KRR,4EHZ,-10.71,-6.54,4.17,0.306,True,10,0,Leu932,hbond_acceptor,,,,,,,,,7.96,known,KNOWN compound - catalogued in PubChem as 'Staurosporine',1.0,CHEMBL364347,,100.0,,,,,,,,,,,,,,,,,,,,,,,,,4,,panel_KRAS_G12C_CDK6_CDK2_JAK2_JAK1.csv,True,False,0,
JAK2_JAK1,constrained,JAK2,generated,lead_1,,,,,False,c1ccc(-c2cc(NCc3ccccc3-c3ncc4cc[nH]c4n3)nc(-n3cnc4ccncc43)n2)cc1,CRKPKZKLNYLTGY-UHFFFAOYSA-N,38,495.6,0.317,2.92,False,False,,3KRR,4EHZ,-11.82,-11.6,0.22,0.311,True,12,2,Leu932,hbond_acceptor,,,,,,,,,,related_chemotype,"RELATED to a known chemotype (nearest Tanimoto 0.49) - novel specific structure, known scaffold family",0.486,CHEMBL374854,,48.6,,,,,,,,,,,,,,,,,,,,,,,,,4,,panel_KRAS_G12C_CDK6_CDK2_JAK2_JAK1.csv,True,False,0,
JAK2_JAK1,constrained,JAK2,generated,lead_2,,,,,False,Nc1cc2ncn(-c3nccc(NCc4ccccc4)n3)c2cn1,LJTZNYUXRUQXJY-UHFFFAOYSA-N,24,317.4,0.6,2.49,False,False,,3KRR,4EHZ,-9.03,-9.33,-0.3,0.376,True,7,1,Leu932,hbond_acceptor,,,,,,,,,,related_chemotype,"RELATED to a known chemotype (nearest Tanimoto 0.71) - novel specific structure, known scaffold family",0.712,CHEMBL374854,,71.2,,,,,,,,,,,,,,,,,,,,,,,,,4,,panel_KRAS_G12C_CDK6_CDK2_JAK2_JAK1.csv,False,False,0,
PTGS2_PTGS1,constrained,PTGS2,reference,chembl_1,"3,5-Bis(4-fluorophenyl)-4-azatricyclo[5.2.1.02,6]deca-2,5-diene",CHEMBL143776,9883585,,False,Fc1ccc(-c2[nH]c(-c3ccc(F)cc3)c3c2C2CCC3C2)cc1,BVZXSBMLTOYNIL-UHFFFAOYSA-N,24,321.4,0.596,3.76,False,False,,5KIR,1EQG,-10.25,-6.06,4.19,0.427,True,10,0,Arg120,acidic,,,,,,,,,10.1,known,"KNOWN compound - catalogued in PubChem as '3,5-Bis(4-fluorophenyl)-4-azatricyclo[5.2.1.02,6]deca-2,5-diene'",1.0,CHEMBL143776,,100.0,,,,,,,,,,,,,,,,,,,,,,,,,4,,panel_PTGS2_PTGS1_CA2_CA1.csv,True,False,0,
PTGS2_PTGS1,constrained,PTGS2,reference,chembl_2,"3,5-Bis(4-fluorophenyl)-4-azatricyclo[5.2.2.02,6]undeca-2,5-diene",CHEMBL140167,9797804,,False,Fc1ccc(-c2[nH]c(-c3ccc(F)cc3)c3c2C2CCC3CC2)cc1,PJFSTCAIAQWJBR-UHFFFAOYSA-N,25,335.4,0.559,3.0,False,False,,5KIR,1EQG,,,,,,,,Arg120,acidic,,,,,,,,,9.92,known,"KNOWN compound - catalogued in PubChem as '3,5-Bis(4-fluorophenyl)-4-azatricyclo[5.2.2.02,6]undeca-2,5-diene'",1.0,CHEMBL140167,,100.0,,,,,,,,,,,,,,,,,,,,,,,,,4,,panel_PTGS2_PTGS1_CA2_CA1.csv,True,False,0,
PTGS2_PTGS1,constrained,PTGS2,reference,chembl_3,5-(4-Fluorophenyl)-6-(4-methylsulfonylphenyl)spiro[2.4]hept-5-ene,CHEMBL92154,9851770,,False,CS(=O)(=O)c1ccc(C2=C(c3ccc(F)cc3)CC3(CC3)C2)cc1,VZCIAZMKVAJRCL-UHFFFAOYSA-N,24,342.4,0.809,2.8,False,True,,5KIR,1EQG,-11.38,-5.11,6.27,0.474,True,11,1,Arg120,acidic,,,,,,,,,8.96,known,KNOWN compound - catalogued in PubChem as '5-(4-Fluorophenyl)-6-(4-methylsulfonylphenyl)spiro[2.4]hept-5-ene',1.0,CHEMBL92154,,100.0,,,,,,,,,,,,,,,,,,,,,,,,,4,,panel_PTGS2_PTGS1_CA2_CA1.csv,True,False,0,
PTGS2_PTGS1,constrained,PTGS2,reference,chembl_4,1-Methanesulfonyl-4-(3-methylene-2-phenyl-cyclobut-1-enyl)-benzene,CHEMBL91118,9817667,,False,C=C1CC(c2ccc(S(C)(=O)=O)cc2)=C1c1ccccc1,KGOPIJQFLBPLCD-UHFFFAOYSA-N,21,296.4,0.859,2.33,False,True,,5KIR,1EQG,-10.15,-6.05,4.1,0.483,True,8,1,Arg120,acidic,,,,,,,,,8.92,known,KNOWN compound - catalogued in PubChem as '1-Methanesulfonyl-4-(3-methylene-2-phenyl-cyclobut-1-enyl)-benzene',1.0,CHEMBL91118,,100.0,,,,,,,,,,,,,,,,,,,,,,,,,4,,panel_PTGS2_PTGS1_CA2_CA1.csv,True,False,0,
PTGS2_PTGS1,constrained,PTGS2,reference,chembl_5,DUP-697,CHEMBL42485,3177,,False,CS(=O)(=O)c1ccc(-c2cc(Br)sc2-c2ccc(F)cc2)cc1,AJFTZWGGHJXZOB-UHFFFAOYSA-N,23,411.3,0.579,2.14,False,False,,5KIR,1EQG,-10.38,-5.59,4.79,0.451,True,11,1,Arg120,acidic,,,,,,,,,8.68,known,KNOWN compound - catalogued in PubChem as '5-Bromo-2-(4-fluorophenyl)-3-(4-(methylsulfonyl)phenyl)thiophene',1.0,CHEMBL42485,DUP-697,100.0,,,,,,,,,,,,,,,,,,,,,,,,,4,,panel_PTGS2_PTGS1_CA2_CA1.csv,True,False,0,
PTGS2_PTGS1,constrained,PTGS2,generated,lead_1,,,,,False,c1ccc(-n2cccc2-c2ccc(C3CC3)cc2)cc1,PZDZNCKTHMAWPM-UHFFFAOYSA-N,20,259.4,0.622,1.9,False,False,,5KIR,1EQG,-9.89,-7.06,2.83,0.495,True,6,0,Arg120,acidic,,,,,,,,,,related_chemotype,"RELATED to a known chemotype (nearest Tanimoto 0.45) - novel specific structure, known scaffold family",0.452,CHEMBL27706,,45.2,,,,,,,,,,,,,,,,,,,,,,,,,4,,panel_PTGS2_PTGS1_CA2_CA1.csv,True,False,0,
PTGS2_PTGS1,constrained,PTGS2,generated,lead_2,,,,,False,O=C1C(c2ccccc2)=C(c2ccccc2)C1c1nn[nH]n1,AGFOYKZIJNFHJO-UHFFFAOYSA-N,22,288.3,0.803,2.93,False,True,,5KIR,1EQG,-9.69,-6.93,2.76,0.44,True,9,0,Arg120,acidic,,,,,,,,,,related_chemotype,"RELATED to a known chemotype (nearest Tanimoto 0.45) - novel specific structure, known scaffold family",0.45,CHEMBL1979748,,45.0,,,,,,,,,,,,,,,,,,,,,,,,,4,,panel_PTGS2_PTGS1_CA2_CA1.csv,True,False,0,
PTGS2_PTGS1,constrained,PTGS2,reference,chembl_1,"3,5-Bis(4-fluorophenyl)-4-azatricyclo[5.2.1.02,6]deca-2,5-diene",CHEMBL143776,9883585,,False,Fc1ccc(-c2[nH]c(-c3ccc(F)cc3)c3c2C2CCC3C2)cc1,BVZXSBMLTOYNIL-UHFFFAOYSA-N,24,321.4,0.596,3.76,False,False,,5KIR,1EQG,-10.25,-6.06,4.19,0.427,True,10,0,Arg120,acidic,,,,,,,,,10.1,known,"KNOWN compound - catalogued in PubChem as '3,5-Bis(4-fluorophenyl)-4-azatricyclo[5.2.1.02,6]deca-2,5-diene'",1.0,CHEMBL143776,,100.0,,,,,,,,,,,,,,,,,,,,,,,,,4,,panel_PTGS2_PTGS1_EGFR_T790M.csv,True,False,0,
PTGS2_PTGS1,constrained,PTGS2,reference,chembl_2,"3,5-Bis(4-fluorophenyl)-4-azatricyclo[5.2.2.02,6]undeca-2,5-diene",CHEMBL140167,9797804,,False,Fc1ccc(-c2[nH]c(-c3ccc(F)cc3)c3c2C2CCC3CC2)cc1,PJFSTCAIAQWJBR-UHFFFAOYSA-N,25,335.4,0.559,3.0,False,False,,5KIR,1EQG,-9.09,-3.45,5.64,0.364,True,13,0,Arg120,acidic,,,,,,,,,9.92,known,"KNOWN compound - catalogued in PubChem as '3,5-Bis(4-fluorophenyl)-4-azatricyclo[5.2.2.02,6]undeca-2,5-diene'",1.0,CHEMBL140167,,100.0,,,,,,,,,,,,,,,,,,,,,,,,,4,,panel_PTGS2_PTGS1_EGFR_T790M.csv,True,False,0,
PTGS2_PTGS1,constrained,PTGS2,reference,chembl_3,5-(4-Fluorophenyl)-6-(4-methylsulfonylphenyl)spiro[2.4]hept-5-ene,CHEMBL92154,9851770,,False,CS(=O)(=O)c1ccc(C2=C(c3ccc(F)cc3)CC3(CC3)C2)cc1,VZCIAZMKVAJRCL-UHFFFAOYSA-N,24,342.4,0.809,2.8,False,True,,5KIR,1EQG,-11.38,-5.11,6.27,0.474,True,11,1,Arg120,acidic,,,,,,,,,8.96,known,KNOWN compound - catalogued in PubChem as '5-(4-Fluorophenyl)-6-(4-methylsulfonylphenyl)spiro[2.4]hept-5-ene',1.0,CHEMBL92154,,100.0,,,,,,,,,,,,,,,,,,,,,,,,,4,,panel_PTGS2_PTGS1_EGFR_T790M.csv,True,False,0,
PTGS2_PTGS1,constrained,PTGS2,reference,chembl_4,1-Methanesulfonyl-4-(3-methylene-2-phenyl-cyclobut-1-enyl)-benzene,CHEMBL91118,9817667,,False,C=C1CC(c2ccc(S(C)(=O)=O)cc2)=C1c1ccccc1,KGOPIJQFLBPLCD-UHFFFAOYSA-N,21,296.4,0.859,2.33,False,True,,5KIR,1EQG,-10.15,-6.05,4.1,0.483,True,8,1,Arg120,acidic,,,,,,,,,8.92,known,KNOWN compound - catalogued in PubChem as '1-Methanesulfonyl-4-(3-methylene-2-phenyl-cyclobut-1-enyl)-benzene',1.0,CHEMBL91118,,100.0,,,,,,,,,,,,,,,,,,,,,,,,,4,,panel_PTGS2_PTGS1_EGFR_T790M.csv,True,False,0,
PTGS2_PTGS1,constrained,PTGS2,reference,chembl_5,DUP-697,CHEMBL42485,3177,,False,CS(=O)(=O)c1ccc(-c2cc(Br)sc2-c2ccc(F)cc2)cc1,AJFTZWGGHJXZOB-UHFFFAOYSA-N,23,411.3,0.579,2.14,False,False,,5KIR,1EQG,-10.38,-5.59,4.79,0.451,True,11,1,Arg120,acidic,,,,,,,,,8.68,known,KNOWN compound - catalogued in PubChem as '5-Bromo-2-(4-fluorophenyl)-3-(4-(methylsulfonyl)phenyl)thiophene',1.0,CHEMBL42485,DUP-697,100.0,,,,,,,,,,,,,,,,,,,,,,,,,4,,panel_PTGS2_PTGS1_EGFR_T790M.csv,True,False,0,
PTGS2_PTGS1,constrained,PTGS2,generated,lead_1,,,,,False,O=C(O)CCc1cc(-c2ccccc2)n(-c2ccccc2)c1,VKXCBEPZYNINRZ-UHFFFAOYSA-N,22,291.4,0.767,2.01,False,False,,5KIR,1EQG,-9.67,-5.61,4.06,0.44,True,7,1,Arg120,acidic,,,,,,,,,,related_chemotype,"RELATED to a known chemotype (nearest Tanimoto 0.53) - novel specific structure, known scaffold family",0.528,CHEMBL5432546,,52.8,1,c1ccc(-c2cccn2-c2ccccc2)cc1,-8.72,-0.95,-0.95,,,,,,,,,,,,,,,,,,,,4,,panel_PTGS2_PTGS1_EGFR_T790M.csv,True,False,0,
PTGS2_PTGS1,constrained,PTGS2,generated,lead_1,,,,,False,O=C(CCc1cc(-c2ccccc2)n(-c2ccccc2)c1)Oc1nn[nH]n1,LHOVUDANZUPONO-UHFFFAOYSA-N,27,359.4,0.534,2.66,False,False,,5KIR,1EQG,-10.56,-7.29,3.27,0.391,True,9,1,Arg120,acidic,,,,,,,,,,novel,NOVEL scaffold - no PubChem exact match and nearest ChEMBL neighbour only Tanimoto 0.00,0.0,,,,2,c1ccc(-c2cccn2-c2ccccc2)cc1,-8.72,-0.89,-1.84,,,,,,,,,,,,,,,,,,,,4,,panel_PTGS2_PTGS1_EGFR_T790M.csv,True,False,0,
PTGS2_PTGS1,constrained,PTGS2,reference,chembl_1,"3,5-Bis(4-fluorophenyl)-4-azatricyclo[5.2.1.02,6]deca-2,5-diene",CHEMBL143776,9883585,,False,Fc1ccc(-c2[nH]c(-c3ccc(F)cc3)c3c2C2CCC3C2)cc1,BVZXSBMLTOYNIL-UHFFFAOYSA-N,24,321.4,0.596,3.76,False,False,,5KIR,1EQG,-10.25,-6.06,4.19,0.427,True,10,0,Arg120,acidic,,,,,,,,,10.1,known,"KNOWN compound - catalogued in PubChem as '3,5-Bis(4-fluorophenyl)-4-azatricyclo[5.2.1.02,6]deca-2,5-diene'",1.0,CHEMBL143776,,100.0,,,,,,,,,,,,,,,,,,,,,,,,,4,,panel_PTGS2_PTGS1_EGFR_T790M.csv,True,False,0,
PTGS2_PTGS1,constrained,PTGS2,reference,chembl_2,"3,5-Bis(4-fluorophenyl)-4-azatricyclo[5.2.2.02,6]undeca-2,5-diene",CHEMBL140167,9797804,,False,Fc1ccc(-c2[nH]c(-c3ccc(F)cc3)c3c2C2CCC3CC2)cc1,PJFSTCAIAQWJBR-UHFFFAOYSA-N,25,335.4,0.559,3.0,False,False,,5KIR,1EQG,-9.09,-3.45,5.64,0.364,True,13,0,Arg120,acidic,,,,,,,,,9.92,known,"KNOWN compound - catalogued in PubChem as '3,5-Bis(4-fluorophenyl)-4-azatricyclo[5.2.2.02,6]undeca-2,5-diene'",1.0,CHEMBL140167,,100.0,,,,,,,,,,,,,,,,,,,,,,,,,4,,panel_PTGS2_PTGS1_EGFR_T790M.csv,True,False,0,
PTGS2_PTGS1,constrained,PTGS2,reference,chembl_3,5-(4-Fluorophenyl)-6-(4-methylsulfonylphenyl)spiro[2.4]hept-5-ene,CHEMBL92154,9851770,,False,CS(=O)(=O)c1ccc(C2=C(c3ccc(F)cc3)CC3(CC3)C2)cc1,VZCIAZMKVAJRCL-UHFFFAOYSA-N,24,342.4,0.809,2.8,False,True,,5KIR,1EQG,-11.38,-5.11,6.27,0.474,True,11,1,Arg120,acidic,,,,,,,,,8.96,known,KNOWN compound - catalogued in PubChem as '5-(4-Fluorophenyl)-6-(4-methylsulfonylphenyl)spiro[2.4]hept-5-ene',1.0,CHEMBL92154,,100.0,,,,,,,,,,,,,,,,,,,,,,,,,4,,panel_PTGS2_PTGS1_EGFR_T790M.csv,True,False,0,
PTGS2_PTGS1,constrained,PTGS2,reference,chembl_4,1-Methanesulfonyl-4-(3-methylene-2-phenyl-cyclobut-1-enyl)-benzene,CHEMBL91118,9817667,,False,C=C1CC(c2ccc(S(C)(=O)=O)cc2)=C1c1ccccc1,KGOPIJQFLBPLCD-UHFFFAOYSA-N,21,296.4,0.859,2.33,False,True,,5KIR,1EQG,-10.15,-6.05,4.1,0.483,True,8,1,Arg120,acidic,,,,,,,,,8.92,known,KNOWN compound - catalogued in PubChem as '1-Methanesulfonyl-4-(3-methylene-2-phenyl-cyclobut-1-enyl)-benzene',1.0,CHEMBL91118,,100.0,,,,,,,,,,,,,,,,,,,,,,,,,4,,panel_PTGS2_PTGS1_EGFR_T790M.csv,True,False,0,
PTGS2_PTGS1,constrained,PTGS2,reference,chembl_5,DUP-697,CHEMBL42485,3177,,False,CS(=O)(=O)c1ccc(-c2cc(Br)sc2-c2ccc(F)cc2)cc1,AJFTZWGGHJXZOB-UHFFFAOYSA-N,23,411.3,0.579,2.14,False,False,,5KIR,1EQG,-10.38,-5.59,4.79,0.451,True,11,1,Arg120,acidic,,,,,,,,,8.68,known,KNOWN compound - catalogued in PubChem as '5-Bromo-2-(4-fluorophenyl)-3-(4-(methylsulfonyl)phenyl)thiophene',1.0,CHEMBL42485,DUP-697,100.0,,,,,,,,,,,,,,,,,,,,,,,,,4,,panel_PTGS2_PTGS1_EGFR_T790M.csv,True,False,0,
PTGS2_PTGS1,constrained,PTGS2,generated,lead_1,,,,,False,O=C(O)CCc1cc(-c2ccccc2)n(-c2ccccc2)c1,VKXCBEPZYNINRZ-UHFFFAOYSA-N,22,291.4,0.767,2.01,False,False,,5KIR,1EQG,-9.67,-5.61,4.06,0.44,True,7,1,Arg120,acidic,,,,,,,,,,related_chemotype,"RELATED to a known chemotype (nearest Tanimoto 0.53) - novel specific structure, known scaffold family",0.528,CHEMBL5432546,,52.8,1,c1ccc(-c2cccn2-c2ccccc2)cc1,-8.72,-0.95,-0.95,,0,True,3,,,,,,,,,,,,,,,,4,,panel_PTGS2_PTGS1_EGFR_T790M.csv,True,False,0,
PTGS2_PTGS1,constrained,PTGS2,generated_front,lead_1_alt1,"1,5-Diphenylpyrrole-3-carboxylic acid",,152675258,,False,O=C(O)c1cc(-c2ccccc2)n(-c2ccccc2)c1,ZMJROGUSHJDQIB-UHFFFAOYSA-N,20,,0.78,1.91,,,,,,-9.14,,,0.457,,,1,Arg120,acidic,,,,,,,,,,known,"KNOWN compound - catalogued in PubChem as '1,5-Diphenylpyrrole-3-carboxylic acid'",0.553,CHEMBL4993282,,55.3,1,c1ccc(-c2cccn2-c2ccccc2)cc1,-8.72,,,,1,False,3,,,,,,,,,,,,,,,,4,,panel_PTGS2_PTGS1_EGFR_T790M.csv,True,False,0,"Pareto front member, growth-round local box, NOT redocked"
PTGS2_PTGS1,constrained,PTGS2,generated_front,lead_1_alt2,,,,,False,Nc1cccc(-n2cccc2-c2ccccc2)c1,ZNCCNYZJPXSPTQ-UHFFFAOYSA-N,18,,0.673,1.95,,,,,,-9.18,,,0.51,,,0,Arg120,acidic,,,,,,,,,,related_chemotype,"RELATED to a known chemotype (nearest Tanimoto 0.57) - novel specific structure, known scaffold family",0.571,CHEMBL2104057,AMPHENIDONE,57.1,1,c1ccc(-c2cccn2-c2ccccc2)cc1,-8.72,,,,2,False,3,,,,,,,,,,,,,,,,4,,panel_PTGS2_PTGS1_EGFR_T790M.csv,True,False,0,"Pareto front member, growth-round local box, NOT redocked"
PTGS2_PTGS1,constrained,PTGS2,generated,lead_1,,,,,False,OCCCc1cc(-c2ccccc2)n(-c2ccccc2)c1,IVERHSWGIDGRNG-UHFFFAOYSA-N,21,277.4,0.747,2.05,False,False,,5KIR,1EQG,-9.14,-5.62,3.52,0.435,True,7,1,Arg120,acidic,,,,,,,,,,related_chemotype,"RELATED to a known chemotype (nearest Tanimoto 0.48) - novel specific structure, known scaffold family",0.485,CHEMBL1606391,HYDROCINNAMYL ALCOHOL,48.5,2,c1ccc(-c2cccn2-c2ccccc2)cc1,-8.72,0.53,-0.42,,0,True,5,,,,,,,,,,,,,,,,4,,panel_PTGS2_PTGS1_EGFR_T790M.csv,True,False,0,
PTGS2_PTGS1,constrained,PTGS2,generated_front,lead_1_alt1,,,,,False,O=C(O)OC(=O)CCc1cc(-c2ccccc2)n(-c2ccccc2)c1,RLDAMLWXKBELTA-UHFFFAOYSA-N,25,,0.557,2.33,,,,,,-9.89,,,0.396,,,1,Arg120,acidic,,,,,,,,,,related_chemotype,"RELATED to a known chemotype (nearest Tanimoto 0.43) - novel specific structure, known scaffold family",0.432,CHEMBL4936699,,43.2,2,c1ccc(-c2cccn2-c2ccccc2)cc1,-8.72,,,,1,False,5,,,,,,,,,,,,,,,,4,,panel_PTGS2_PTGS1_EGFR_T790M.csv,True,False,0,"Pareto front member, growth-round local box, NOT redocked"
PTGS2_PTGS1,constrained,PTGS2,generated_front,lead_1_alt2,,,,,False,O=C(CCc1cc(-c2ccccc2)n(-c2ccccc2)c1)Oc1nn[nH]n1,LHOVUDANZUPONO-UHFFFAOYSA-N,27,,0.534,2.66,,,,,,-10.53,,,0.39,,,1,Arg120,acidic,,,,,,,,,,novel,NOVEL scaffold - no PubChem exact match and nearest ChEMBL neighbour only Tanimoto 0.00,0.0,,,,2,c1ccc(-c2cccn2-c2ccccc2)cc1,-8.72,,,,2,False,5,,,,,,,,,,,,,,,,4,,panel_PTGS2_PTGS1_EGFR_T790M.csv,True,False,0,"Pareto front member, growth-round local box, NOT redocked"
PTGS2_PTGS1,constrained,PTGS2,generated_front,lead_1_alt3,,,,,False,NS(=O)(=O)OC(=O)CCc1cc(-c2ccccc2)n(-c2ccccc2)c1,DHCBCPXYAHRYKZ-UHFFFAOYSA-N,26,,0.722,2.5,,,,,,-9.97,,,0.383,,,1,Arg120,acidic,,,,,,,,,,novel,NOVEL scaffold - no PubChem exact match and nearest ChEMBL neighbour only Tanimoto 0.00,0.0,,,,2,c1ccc(-c2cccn2-c2ccccc2)cc1,-8.72,,,,3,False,5,,,,,,,,,,,,,,,,4,,panel_PTGS2_PTGS1_EGFR_T790M.csv,True,False,0,"Pareto front member, growth-round local box, NOT redocked"
PTGS2_PTGS1,constrained,PTGS2,generated_front,lead_1_alt4,,,,,False,O=C(O)CCOC(=O)CCc1cc(-c2ccccc2)n(-c2ccccc2)c1,YRNUYPQYOWYELQ-UHFFFAOYSA-N,27,,0.612,2.24,,,,,,-9.46,,,0.35,,,1,Arg120,acidic,,,,,,,,,,related_chemotype,"RELATED to a known chemotype (nearest Tanimoto 0.50) - novel specific structure, known scaffold family",0.5,CHEMBL1576102,,50.0,2,c1ccc(-c2cccn2-c2ccccc2)cc1,-8.72,,,,4,False,5,,,,,,,,,,,,,,,,4,,panel_PTGS2_PTGS1_EGFR_T790M.csv,True,False,0,"Pareto front member, growth-round local box, NOT redocked"
PTGS2_PTGS1,constrained,PTGS2,generated,lead_1,,,,,False,OCCCc1cc(-c2ccc(C3CC3)cc2)n(-c2ccccc2)c1,NUBZHCVYCSXSHV-UHFFFAOYSA-N,24,317.4,0.684,2.23,False,False,,5KIR,1EQG,-10.1,-5.64,4.46,0.421,True,10,1,Arg120,acidic,,,,,,,,,,novel,NOVEL scaffold - no PubChem exact match and nearest ChEMBL neighbour only Tanimoto 0.00,0.0,,,,3,c1ccc(-c2cccn2-c2ccccc2)cc1,-8.72,-0.96,-1.38,,0,True,5,,,,,,,,,,,,,,,,4,,panel_PTGS2_PTGS1_EGFR_T790M.csv,True,False,0,
PTGS2_PTGS1,constrained,PTGS2,generated_front,lead_1_alt1,,,,,False,c1ccc(-c2cc(CCCOc3nn[nH]n3)cn2-c2ccccc2)cc1,GWORUYZTJNFNET-UHFFFAOYSA-N,26,,0.519,2.56,,,,,,-9.96,,,0.383,,,1,Arg120,acidic,,,,,,,,,,related_chemotype,"RELATED to a known chemotype (nearest Tanimoto 0.40) - novel specific structure, known scaffold family",0.404,CHEMBL19395,,40.4,3,c1ccc(-c2cccn2-c2ccccc2)cc1,-8.72,,,,1,False,5,,,,,,,,,,,,,,,,4,,panel_PTGS2_PTGS1_EGFR_T790M.csv,True,False,0,"Pareto front member, growth-round local box, NOT redocked"
PTGS2_PTGS1,constrained,PTGS2,generated_front,lead_1_alt2,,,,,False,NS(=O)(=O)OCCCc1cc(-c2ccccc2)n(-c2ccccc2)c1,DLLGQJTVMIFLCB-UHFFFAOYSA-N,25,,0.66,2.38,,,,,,-9.65,,,0.386,,,1,Arg120,acidic,,,,,,,,,,related_chemotype,"RELATED to a known chemotype (nearest Tanimoto 0.58) - novel specific structure, known scaffold family",0.585,CHEMBL1719367,,58.5,3,c1ccc(-c2cccn2-c2ccccc2)cc1,-8.72,,,,2,False,5,,,,,,,,,,,,,,,,4,,panel_PTGS2_PTGS1_EGFR_T790M.csv,True,False,0,"Pareto front member, growth-round local box, NOT redocked"
PTGS2_PTGS1,constrained,PTGS2,generated_front,lead_1_alt3,,,,,False,O=C(O)CCOCCCc1cc(-c2ccccc2)n(-c2ccccc2)c1,SJVLKFZSGITXKL-UHFFFAOYSA-N,26,,0.576,2.23,,,,,,-9.31,,,0.358,,,1,Arg120,acidic,,,,,,,,,,related_chemotype,"RELATED to a known chemotype (nearest Tanimoto 0.43) - novel specific structure, known scaffold family",0.431,CHEMBL2334251,,43.1,3,c1ccc(-c2cccn2-c2ccccc2)cc1,-8.72,,,,3,False,5,,,,,,,,,,,,,,,,4,,panel_PTGS2_PTGS1_EGFR_T790M.csv,True,False,0,"Pareto front member, growth-round local box, NOT redocked"
PTGS2_PTGS1,constrained,PTGS2,generated_front,lead_1_alt4,,,,,False,NOCCCc1cc(-c2ccccc2)n(-c2ccccc2)c1,CHDITPIIIREVGY-UHFFFAOYSA-N,22,,0.551,2.27,,,,,,-9.28,,,0.422,,,1,Arg120,acidic,,,,,,,,,,related_chemotype,"RELATED to a known chemotype (nearest Tanimoto 0.53) - novel specific structure, known scaffold family",0.528,CHEMBL3764480,,52.8,3,c1ccc(-c2cccn2-c2ccccc2)cc1,-8.72,,,,4,False,5,,,,,,,,,,,,,,,,4,,panel_PTGS2_PTGS1_EGFR_T790M.csv,True,False,0,"Pareto front member, growth-round local box, NOT redocked"
ABL1_SRC,constrained,ABL1,generated,build_1,,,,,,O=C(NNc1ccncc1)C(=Cc1ccccc1C(=O)N(c1cccc(Nc2nccc(-c3cccnc3)n2)c1)N1CCNCC1)c1ccoc1,HHIBZZGZAJAABG-UHFFFAOYSA-N,51,678.8,0.103,3.58,False,True,,6NPV,7NG7,,,,,,,,Thr334,hbond_donor,,,,,,,,uniprot_pairwise_alignment,,,,,,,,4,O=C(Nc1cccc(Nc2nccc(-c3cccnc3)n2)c1)c1ccccc1,,,,,0,True,6,,,,,1.37,,,,,,,,,,,4,,panel_build_ABL1_SRC.csv,False,False,0,"built from the plan with no intermediate docking, docked once at the end"
ABL1_SRC,constrained,ABL1,generated,build_2,,,,,,NC(=O)C(=C(C#Cc1ccccc1)c1cccc(C(=O)N(c2cccc(Nc3nccc(-c4cccnc4)n3)c2)N2CCCCC2)c1)c1cnc[nH]1,OXDMBAJSMAQOCD-UHFFFAOYSA-N,52,685.8,0.116,3.57,False,True,,6NPV,7NG7,-11.39,-12.56,-1.17,0.219,True,15,0,Thr334,hbond_donor,,,,,0,9,0.0,uniprot_pairwise_alignment,,,,,,,,4,O=C(Nc1cccc(Nc2nccc(-c3cccnc3)n2)c1)c1ccccc1,,,,,0,True,6,,,,,1.37,REJECT,1.4,SRC,-11.81,1,SRC: 4 divergent pocket position(s) supplied by the caller's own ,4,23.8,,,4,,panel_build_ABL1_SRC.csv,False,False,0,"built from the plan with no intermediate docking, docked once at the end"
ABL1_SRC,constrained,ABL1,generated,build_3,,,,,,O=C(Nc1cc[nH]c1)C(=Cc1cccc(C(=O)N(c2cccc(Nc3nccc(-c4cccnc4)n3)c2)N2CCCC2)c1)c1ccsc1,UMFFQRCVROQXTE-UHFFFAOYSA-N,48,652.8,0.131,3.43,False,True,,6NPV,7NG7,,-10.88,,,,,,Thr334,hbond_donor,,,,,,,,uniprot_pairwise_alignment,,,,,,,,4,O=C(Nc1cccc(Nc2nccc(-c3cccnc3)n2)c1)c1ccccc1,,,,,0,True,6,,,,,1.37,,,,,,,,,,,4,,panel_build_ABL1_SRC.csv,False,False,0,"built from the plan with no intermediate docking, docked once at the end"
ABL1_SRC,constrained,ABL1,generated,build_4,,,,,,O=C(C=C(c1ccoc1)c1ccccc1C(=O)N(c1cccc(Nc2nccc(-c3cccnc3)n2)c1)N1CCCCC1)Nc1cnc[nH]1,KDVPXXNUNWHTJS-UHFFFAOYSA-N,49,651.7,0.138,3.54,False,True,,6NPV,7NG7,,,,,,,,Thr334,hbond_donor,,,,,,,,uniprot_pairwise_alignment,,,,,,,,4,O=C(Nc1cccc(Nc2nccc(-c3cccnc3)n2)c1)c1ccccc1,,,,,0,True,6,,,,,1.37,,,,,,,,,,,4,,panel_build_ABL1_SRC.csv,False,False,0,"built from the plan with no intermediate docking, docked once at the end"
ABL1_SRC,constrained,ABL1,generated,build_5,,,,,,O=C(NC#Cc1ccccc1)C(=Cc1ccccc1C(=O)N(c1cccc(Nc2nccc(-c3cccnc3)n2)c1)N1CCCCC1)Nc1ccncc1,XFQWNODZWBKZRN-UHFFFAOYSA-N,54,711.8,0.076,3.58,False,True,,6NPV,7NG7,,,,,,,,Thr334,hbond_donor,,,,,,,,uniprot_pairwise_alignment,,,,,,,,4,O=C(Nc1cccc(Nc2nccc(-c3cccnc3)n2)c1)c1ccccc1,,,,,0,True,6,,,,,1.37,,,,,,,,,,,4,,panel_build_ABL1_SRC.csv,False,False,0,"built from the plan with no intermediate docking, docked once at the end"
ABL1_SRC,constrained,ABL1,generated,build_6,,,,,,NC(=O)C(Nc1ccncc1)=C(c1ccsc1)c1ccccc1C(=O)N(c1cccc(Nc2nccc(-c3cccnc3)n2)c1)N1CCCCC1,WTWWLXXSBQCFQA-UHFFFAOYSA-N,51,693.8,0.121,3.49,False,True,,6NPV,7NG7,,,,,,,,Thr334,hbond_donor,,,,,,,,uniprot_pairwise_alignment,,,,,,,,4,O=C(Nc1cccc(Nc2nccc(-c3cccnc3)n2)c1)c1ccccc1,,,,,0,True,6,,,,,1.37,,,,,,,,,,,4,,panel_build_ABL1_SRC.csv,False,False,0,"built from the plan with no intermediate docking, docked once at the end"
BRAF_V600E,constrained,BRAF,generated,build_1,,,,,,c1cc(-c2nc(-c3cc(-c4nn[nH]n4)cc(N4CCNCC4)c3)[nH]c2-c2ccc(-c3nn[nH]n3)cc2)cc(-c2nn[nH]n2)n1,WXSVBTPWTGVBMY-UHFFFAOYSA-N,44,585.6,0.18,3.34,False,False,,8C7Y,1UWH,-10.44,-9.34,1.1,0.237,True,7,3,Cys532,hbond_acceptor,,,,,0,5,0.0,structure_offset -1,,,,,,,,4,c1ccc(-c2nc(-c3ccncc3)c(-c3ccccc3)[nH]2)cc1,,,,,0,True,6,,,,,1.37,REJECT,1.63,BRAF (wild type),-10.36,1,"BRAF (wild type): the target's own required mutations reverted, so the counter",0,4.6,,,4,,panel_build_BRAF_V600E.csv,False,False,0,"built from the plan with no intermediate docking, docked once at the end"
BRAF_V600E,constrained,BRAF,generated,build_2,,,,,,CS(=O)(=O)NC(=O)CN(C(=O)CCS(=O)(=O)Nc1cccc(-c2[nH]c(-c3cccc(N4CCCCC4)c3)nc2-c2ccncc2)c1)S(C)(=O)=O,VXLRLEDISDKTCI-UHFFFAOYSA-N,50,743.9,0.181,3.31,False,False,,8C7Y,1UWH,,,,,,,,Cys532,hbond_acceptor,,,,,,,,structure_offset -1,,,,,,,,4,c1ccc(-c2nc(-c3ccncc3)c(-c3ccccc3)[nH]2)cc1,,,,,0,True,6,,,,,1.37,,,,,,,,,,,4,,panel_build_BRAF_V600E.csv,False,False,1,"built from the plan with no intermediate docking, docked once at the end"
BRAF_V600E,constrained,BRAF,generated,build_3,,,,,,CS(=O)(=O)N(NS(=O)(=O)Cc1nn[nH]n1)C(=O)Cc1ccc(-c2[nH]c(-c3ccc(CN4CCNCC4)cc3)nc2-c2ccncc2)cc1,HWSNIDGDKRHHLQ-UHFFFAOYSA-N,48,691.8,0.136,3.43,False,True,,8C7Y,1UWH,-8.46,-11.32,-2.86,0.176,True,12,1,Cys532,hbond_acceptor,,,,,0,9,0.0,structure_offset -1,,,,,,,,4,c1ccc(-c2nc(-c3ccncc3)c(-c3ccccc3)[nH]2)cc1,,,,,0,True,6,,,,,1.37,REJECT,0.47,BRAF (wild type),-8.6,1,"BRAF (wild type): the target's own required mutations reverted, so the counter",0,32.9,,,4,,panel_build_BRAF_V600E.csv,False,False,0,"built from the plan with no intermediate docking, docked once at the end"
BRAF_V600E,constrained,BRAF,generated,build_4,,,,,,CS(=O)(=O)N(C(=O)C(c1cccc(-c2[nH]c(-c3cccc(N4CCNCC4)c3)nc2-c2ccncc2)c1)c1nn[nH]n1)c1nn[nH]n1,VJQDFATUJYJLCO-UHFFFAOYSA-N,47,652.7,0.174,4.0,False,False,,8C7Y,1UWH,-11.06,-10.72,0.34,0.235,True,11,4,Cys532,hbond_acceptor,,,,,0,9,0.0,structure_offset -1,,,,,,,,4,c1ccc(-c2nc(-c3ccncc3)c(-c3ccccc3)[nH]2)cc1,,,,,0,True,6,,,,,1.37,REJECT,1.07,BRAF (wild type),-11.65,1,"BRAF (wild type): the target's own required mutations reverted, so the counter",0,13.1,,,4,,panel_build_BRAF_V600E.csv,False,False,0,"built from the plan with no intermediate docking, docked once at the end"
BRAF_V600E,constrained,BRAF,generated,build_5,,,,,,CS(=O)(=O)NC(c1nn[nH]n1)S(=O)(=O)Nc1ccc(-c2[nH]c(-c3cccc(CN4CCNCC4)c3)nc2-c2ccncc2)cc1,BMTZPZHSFFJGAS-UHFFFAOYSA-N,45,649.8,0.139,3.71,False,False,,8C7Y,1UWH,-9.74,-9.98,-0.24,0.216,True,13,2,Cys532,hbond_acceptor,,,,,0,8,0.0,structure_offset -1,,,,,,,,4,c1ccc(-c2nc(-c3ccncc3)c(-c3ccccc3)[nH]2)cc1,,,,,0,True,6,,,,,1.37,REJECT,0.83,BRAF (wild type),-9.68,1,"BRAF (wild type): the target's own required mutations reverted, so the counter",0,12.0,,,4,,panel_build_BRAF_V600E.csv,False,False,0,"built from the plan with no intermediate docking, docked once at the end"
BRAF_V600E,constrained,BRAF,generated,build_6,,,,,,CS(=O)(=O)NC(=O)CCS(=O)(=O)Nc1cnccc1-c1nc(-c2ccc(CN3CCNCC3)cc2)[nH]c1-c1ccc(-c2nn[nH]n2)cc1,VUEHSCMYQCGRRJ-UHFFFAOYSA-N,48,691.8,0.126,3.27,False,False,,8C7Y,1UWH,-9.24,-10.42,-1.18,0.193,True,13,0,Cys532,hbond_acceptor,,,,,0,9,0.0,structure_offset -1,,,,,,,,4,c1ccc(-c2nc(-c3ccncc3)c(-c3ccccc3)[nH]2)cc1,,,,,0,True,6,,,,,1.37,REJECT,0.41,BRAF (wild type),-9.24,1,"BRAF (wild type): the target's own required mutations reverted, so the counter",0,39.6,,,4,,panel_build_BRAF_V600E.csv,False,False,0,"built from the plan with no intermediate docking, docked once at the end"
BRAF_V600E_alt,constrained,BRAF,generated,build_1,,,,,,c1cc(-c2nc(-c3cc(-c4nn[nH]n4)cc(N4CCNCC4)c3)[nH]c2-c2ccc(-c3nn[nH]n3)cc2)cc(-c2nn[nH]n2)n1,WXSVBTPWTGVBMY-UHFFFAOYSA-N,44,585.6,0.18,3.34,False,False,,6P3D,1UWH,-10.92,-9.34,1.58,0.248,True,9,1,Cys532,hbond_acceptor,,,,,0,8,0.0,structure_offset -1,,,,,,,,4,c1ccc(-c2nc(-c3ccncc3)c(-c3ccccc3)[nH]2)cc1,,,,,0,True,6,,,,,1.37,PASS,0.8,BRAF (wild type),-10.51,1,"BRAF (wild type): the target's own required mutations reverted, so the counter",0,12.3,,,4,,panel_build_BRAF_V600E_alt.csv,False,False,0,"built from the plan with no intermediate docking, docked once at the end"
BRAF_V600E_alt,constrained,BRAF,generated,build_2,,,,,,CS(=O)(=O)NC(=O)CN(C(=O)CCS(=O)(=O)Nc1cccc(-c2[nH]c(-c3cccc(N4CCCCC4)c3)nc2-c2ccncc2)c1)S(C)(=O)=O,VXLRLEDISDKTCI-UHFFFAOYSA-N,50,743.9,0.181,3.31,False,False,,6P3D,1UWH,-10.5,-11.55,-1.05,0.21,True,13,2,Cys532,hbond_acceptor,,,,,0,11,0.0,structure_offset -1,,,,,,,,4,c1ccc(-c2nc(-c3ccncc3)c(-c3ccccc3)[nH]2)cc1,,,,,0,True,6,,,,,1.37,REJECT,1.86,BRAF (wild type),-10.85,1,"BRAF (wild type): the target's own required mutations reverted, so the counter",0,45.1,,,4,,panel_build_BRAF_V600E_alt.csv,False,False,1,"built from the plan with no intermediate docking, docked once at the end"
BRAF_V600E_alt,constrained,BRAF,generated,build_3,,,,,,CS(=O)(=O)N(NS(=O)(=O)Cc1nn[nH]n1)C(=O)Cc1ccc(-c2[nH]c(-c3ccc(CN4CCNCC4)cc3)nc2-c2ccncc2)cc1,HWSNIDGDKRHHLQ-UHFFFAOYSA-N,48,691.8,0.136,3.43,False,True,,6P3D,1UWH,-9.96,-11.32,-1.36,0.208,True,13,2,Cys532,hbond_acceptor,,,,,0,11,0.0,structure_offset -1,,,,,,,,4,c1ccc(-c2nc(-c3ccncc3)c(-c3ccccc3)[nH]2)cc1,,,,,0,True,6,,,,,1.37,REJECT,1.76,BRAF (wild type),-10.31,1,"BRAF (wild type): the target's own required mutations reverted, so the counter",0,15.8,,,4,,panel_build_BRAF_V600E_alt.csv,False,False,0,"built from the plan with no intermediate docking, docked once at the end"
BRAF_V600E_alt,constrained,BRAF,generated,build_4,,,,,,CS(=O)(=O)N(C(=O)C(c1cccc(-c2[nH]c(-c3cccc(N4CCNCC4)c3)nc2-c2ccncc2)c1)c1nn[nH]n1)c1nn[nH]n1,VJQDFATUJYJLCO-UHFFFAOYSA-N,47,652.7,0.174,4.0,False,False,,6P3D,1UWH,-10.09,-10.72,-0.63,0.215,True,12,1,Cys532,hbond_acceptor,,,,,0,10,0.0,structure_offset -1,,,,,,,,4,c1ccc(-c2nc(-c3ccncc3)c(-c3ccccc3)[nH]2)cc1,,,,,0,True,6,,,,,1.37,REJECT,1.43,BRAF (wild type),-10.89,1,"BRAF (wild type): the target's own required mutations reverted, so the counter",0,15.3,,,4,,panel_build_BRAF_V600E_alt.csv,False,False,0,"built from the plan with no intermediate docking, docked once at the end"
BRAF_V600E_alt,constrained,BRAF,generated,build_5,,,,,,CS(=O)(=O)NC(c1nn[nH]n1)S(=O)(=O)Nc1ccc(-c2[nH]c(-c3cccc(CN4CCNCC4)c3)nc2-c2ccncc2)cc1,BMTZPZHSFFJGAS-UHFFFAOYSA-N,45,649.8,0.139,3.71,False,False,,6P3D,1UWH,-9.67,-9.98,-0.31,0.215,True,12,2,Cys532,hbond_acceptor,,,,,0,9,0.0,structure_offset -1,,,,,,,,4,c1ccc(-c2nc(-c3ccncc3)c(-c3ccccc3)[nH]2)cc1,,,,,0,True,6,,,,,1.37,REJECT,0.6,BRAF (wild type),-9.72,1,"BRAF (wild type): the target's own required mutations reverted, so the counter",0,7.4,,,4,,panel_build_BRAF_V600E_alt.csv,False,False,0,"built from the plan with no intermediate docking, docked once at the end"
BRAF_V600E_alt,constrained,BRAF,generated,build_6,,,,,,CS(=O)(=O)NC(=O)CCS(=O)(=O)Nc1cnccc1-c1nc(-c2ccc(CN3CCNCC3)cc2)[nH]c1-c1ccc(-c2nn[nH]n2)cc1,VUEHSCMYQCGRRJ-UHFFFAOYSA-N,48,691.8,0.126,3.27,False,False,,6P3D,1UWH,-9.01,-10.42,-1.41,0.188,True,8,0,Cys532,hbond_acceptor,,,,,0,6,0.0,structure_offset -1,,,,,,,,4,c1ccc(-c2nc(-c3ccncc3)c(-c3ccccc3)[nH]2)cc1,,,,,0,True,6,,,,,1.37,REJECT,0.31,BRAF (wild type),-9.01,1,"BRAF (wild type): the target's own required mutations reverted, so the counter",0,12.9,,,4,,panel_build_BRAF_V600E_alt.csv,False,False,0,"built from the plan with no intermediate docking, docked once at the end"
CDK6_CDK2,constrained,CDK6,generated,build_1,,,,,,O=C(c1c(-c2c(-c3nn[nH]n3)cccc2N2CCNCC2)nn(-c2ccccc2)c1-c1nn[nH]n1)N(C(=S)Nc1ccccc1)N1CCNCC1,ILERFEGEAGLFHK-UHFFFAOYSA-N,51,702.8,0.145,3.68,False,True,,5L2S,6Q4H,-7.66,-6.04,1.62,0.15,True,7,0,Val101,hbond_acceptor,,,,,0,6,0.0,uniprot_pairwise_alignment,,,,,,,,4,O=C(NC(=S)Nc1ccccc1)c1cn(-c2ccccc2)nc1-c1ccccc1,,,,,0,True,6,,,,,1.37,PASS,0.67,CDK2,-7.71,1,CDK2: 8 divergent pocket position(s) supplied by the caller's own ,8,38.5,,,4,,panel_build_CDK6_CDK2.csv,False,False,0,"built from the plan with no intermediate docking, docked once at the end"
CDK6_CDK2,constrained,CDK6,generated,build_2,,,,,,CS(=O)(=O)N(N1CCCCC1)N(N(C(NC(=O)c1cn(-c2ccccc2)nc1-c1ccccc1)=[SH]N1CCCCC1)c1ccccc1)S(C)(=O)=O,LYHSRKDBKNUXIC-UHFFFAOYSA-N,51,753.0,0.137,3.79,False,True,,5L2S,6Q4H,-7.9,-7.01,0.89,0.155,True,9,0,Val101,hbond_acceptor,,,,,2,7,0.222,uniprot_pairwise_alignment,,,,,,,,4,O=C(NC(=S)Nc1ccccc1)c1cn(-c2ccccc2)nc1-c1ccccc1,,,,,0,True,6,,,,,1.37,REJECT,0.56,CDK2,-7.38,1,CDK2: 8 divergent pocket position(s) supplied by the caller's own ,8,10.0,,,4,,panel_build_CDK6_CDK2.csv,False,False,0,"built from the plan with no intermediate docking, docked once at the end"
CDK6_CDK2,constrained,CDK6,generated,build_3,,,,,,O=C(Cc1ccccc1-n1cc(C(=O)N(C(=S)Nc2ccccc2)N2CCCC2)c(-c2ccccc2)n1)NS(=O)(=O)CCC(=O)NS(=O)(=O)CN1CCCC1,QJIQFFUYTLMGBJ-UHFFFAOYSA-N,55,807.0,0.159,3.59,False,True,,5L2S,6Q4H,-7.54,,,0.137,True,10,2,Val101,hbond_acceptor,,,,,1,7,0.125,uniprot_pairwise_alignment,,,,,,,,4,O=C(NC(=S)Nc1ccccc1)c1cn(-c2ccccc2)nc1-c1ccccc1,,,,,0,True,6,,,,,1.37,,17.79,CDK2,-7.54,1,CDK2: 8 divergent pocket position(s) supplied by the caller's own ,8,47.6,,,4,,panel_build_CDK6_CDK2.csv,False,False,0,"built from the plan with no intermediate docking, docked once at the end"
CDK6_CDK2,constrained,CDK6,generated,build_4,,,,,,CS(=O)(=O)N(c1ccccc1-n1cc(C(=O)N(C(Nc2ccccc2)=[SH]N2CCNCC2)c2nn[nH]n2)c(-c2ccccc2)n1)N1CCNCC1,FFZDEXMAILSFDX-UHFFFAOYSA-N,51,729.9,0.11,4.03,False,True,,5L2S,6Q4H,-8.03,-9.02,-0.99,0.157,True,11,1,Val101,hbond_acceptor,,,,,0,8,0.0,uniprot_pairwise_alignment,,,,,,,,4,O=C(NC(=S)Nc1ccccc1)c1cn(-c2ccccc2)nc1-c1ccccc1,,,,,0,True,6,,,,,1.37,REJECT,2.71,CDK2,-7.87,1,CDK2: 8 divergent pocket position(s) supplied by the caller's own ,8,32.2,,,4,,panel_build_CDK6_CDK2.csv,False,False,0,"built from the plan with no intermediate docking, docked once at the end"
CDK6_CDK2,constrained,CDK6,generated,build_5,,,,,,CS(=O)(=O)N(c1c(C(=O)N(C(=S)Nc2ccccc2)N2CCCCC2)c(-c2ccccc2)nn1-c1ccccc1)N(N1CCCCC1)S(C)(=O)=O,SSSVMPCTRMIASA-UHFFFAOYSA-N,51,751.0,0.172,3.59,False,True,,5L2S,6Q4H,-6.55,-7.51,-0.96,0.128,True,12,1,Val101,hbond_acceptor,,,,,1,8,0.111,uniprot_pairwise_alignment,,,,,,,,4,O=C(NC(=S)Nc1ccccc1)c1cn(-c2ccccc2)nc1-c1ccccc1,,,,,0,True,6,,,,,1.37,REJECT,1.16,CDK2,-6.55,1,CDK2: 8 divergent pocket position(s) supplied by the caller's own ,8,32.3,,,4,,panel_build_CDK6_CDK2.csv,False,False,0,"built from the plan with no intermediate docking, docked once at the end"
EGFR_T790M,constrained,EGFR,generated,build_1,,,,,,NC(=O)C=CNC(=O)C=Cc1ccc2c(Nc3cc(-c4ccoc4)cc(N4CCNCC4)c3)ncnc2c1,UYMYBZAIPIDKCT-UHFFFAOYSA-N,38,509.6,0.266,3.19,False,True,,6TFV,8A27,-10.13,-10.72,-0.59,0.267,True,10,1,Met793,hbond_acceptor,,,,,1,8,0.111,structure_offset +0,,,,,,,,4,c1ccc(Nc2ncnc3ccccc23)cc1,,,,,0,True,6,,,,,1.37,REJECT,1.03,EGFR (wild type),-10.55,1,"EGFR (wild type): the target's own required mutations reverted, so the counter",1,10.6,,,4,,panel_build_EGFR_T790M.csv,False,False,0,"built from the plan with no intermediate docking, docked once at the end"
EGFR_T790M,constrained,EGFR,generated,build_2,,,,,,NC(=O)C=CC(=CN(c1ccc(CN2CCNCC2)cc1)c1ncnc2cc(-c3ccsc3)ccc12)C(N)=O,CXSPYFNNGSZJFT-UHFFFAOYSA-N,39,539.7,0.22,3.31,False,True,,6TFV,8A27,-9.24,-8.39,0.85,0.237,True,12,1,Met793,hbond_acceptor,,,,,1,11,0.083,structure_offset +0,,,,,,,,4,c1ccc(Nc2ncnc3ccccc23)cc1,,,,,0,True,6,,,,,1.37,REJECT,1.03,EGFR (wild type),-9.62,1,"EGFR (wild type): the target's own required mutations reverted, so the counter",1,5.5,,,4,,panel_build_EGFR_T790M.csv,False,False,0,"built from the plan with no intermediate docking, docked once at the end"
EGFR_T790M,constrained,EGFR,generated,build_3,,,,,,NC(=O)C=CC(=Cc1cc(C#Cc2ccccc2)c(Nc2ncnc3ccccc23)cc1N1CCCCC1)C(N)=O,RWDKYEUVMCXKRZ-UHFFFAOYSA-N,41,542.6,0.177,3.18,False,True,,6TFV,8A27,-9.06,-10.21,-1.15,0.221,True,11,3,Met793,hbond_acceptor,,,,,0,8,0.0,structure_offset +0,,,,,,,,4,c1ccc(Nc2ncnc3ccccc23)cc1,,,,,0,True,6,,,,,1.37,REJECT,16.67,EGFR (wild type),-9.05,1,"EGFR (wild type): the target's own required mutations reverted, so the counter",1,4.4,,,4,,panel_build_EGFR_T790M.csv,False,False,0,"built from the plan with no intermediate docking, docked once at the end"
EGFR_T790M,constrained,EGFR,generated,build_4,,,,,,NC(=O)C=CC(=Cc1ccc2ncnc(Nc3cc(N4CCNCC4)ccc3-c3ccsc3)c2c1)C(N)=O,ODCQTYFFEJYQJI-UHFFFAOYSA-N,38,525.6,0.204,3.23,False,True,,6TFV,8A27,-8.97,-9.14,-0.17,0.236,True,10,0,Met793,hbond_acceptor,,,,,0,8,0.0,structure_offset +0,,,,,,,,4,c1ccc(Nc2ncnc3ccccc23)cc1,,,,,0,True,6,,,,,1.37,REJECT,0.34,EGFR (wild type),-9.35,1,"EGFR (wild type): the target's own required mutations reverted, so the counter",1,12.3,,,4,,panel_build_EGFR_T790M.csv,False,False,0,"built from the plan with no intermediate docking, docked once at the end"
EGFR_T790M,constrained,EGFR,generated,build_5,,,,,,NC(=O)C=CNC(=O)C=CC(c1cc(C#Cc2ccccc2)cc(Nc2ncnc3ccccc23)c1)N1CCNCC1,OCGKSPNXHSCGNH-UHFFFAOYSA-N,42,557.7,0.193,3.77,False,True,,6TFV,8A27,-10.8,-9.34,1.46,0.257,True,13,0,Met793,hbond_acceptor,,,,,1,10,0.091,structure_offset +0,,,,,,,,4,c1ccc(Nc2ncnc3ccccc23)cc1,,,,,0,True,6,,,,,1.37,PASS,29.02,EGFR (wild type),-10.8,1,"EGFR (wild type): the target's own required mutations reverted, so the counter",1,13.1,,,4,,panel_build_EGFR_T790M.csv,False,False,0,"built from the plan with no intermediate docking, docked once at the end"
EGFR_T790M,constrained,EGFR,generated,build_6,,,,,,NC(=O)C=CNC(=O)C=Cc1nc(Nc2ccc(CN3CCNCC3)cc2)c2ccc(-c3ccsc3)cc2n1,CXIFIKSIEUNKFI-UHFFFAOYSA-N,39,539.7,0.239,3.12,False,True,,6TFV,8A27,-10.73,-9.64,1.09,0.275,True,12,0,Met793,hbond_acceptor,,,,,1,9,0.1,structure_offset +0,,,,,,,,4,c1ccc(Nc2ncnc3ccccc23)cc1,,,,,0,True,6,,,,,1.37,REJECT,6.53,EGFR (wild type),-11.15,1,"EGFR (wild type): the target's own required mutations reverted, so the counter",1,11.1,,,4,,panel_build_EGFR_T790M.csv,False,False,0,"built from the plan with no intermediate docking, docked once at the end"
KRAS_G12C,constrained,KRAS,generated,build_1,,,,,,O=C1CNC(=O)C(C=C(C(=O)Nc2nn[nH]n2)c2nn[nH]n2)NC(=O)C(Cc2ccccc2)NC(=O)CNC(=O)C2CCCN2C(=O)CCSSCCNC(=O)C(c2nn[nH]n2)NC(=O)C2CCCN2C(=O)CNC(=O)C(Cc2ccccc2)N1,RXYPHMGQXAYHPH-UHFFFAOYSA-N,85,1210.3,0.049,6.75,False,True,,6OIM,9IAY,,-8.4,,,,,,Cys12,covalent,,,,,,,,structure_offset +0,,,,,,,,4,O=C1CNC(=O)C(Cc2ccccc2)NC(=O)CNC(=O)C2CCCN2C(=O)CCSSCCNC(=O)CNC(=O)C2CCCN2C(=O)CNC(=O)C(Cc2ccccc2)NC(=O)CN1,,,,,0,True,6,,,,,1.37,,,,,,,,,,,4,,panel_build_KRAS_G12C.csv,False,True,9,"built from the plan with no intermediate docking, docked once at the end"
KRAS_G12C,constrained,KRAS,generated,build_2,,,,,,CS(=O)(=O)NC(=O)CN(C(=O)CCS(=O)(=O)NNC(=O)C=CN1CC(=O)NCC(=O)NC(Cc2ccccc2)C(=O)NCC(=O)N2CCCC2C(=O)NCC(=O)NCCSSCCC(=O)N2CCCC2C(=O)NCC(=O)NC(Cc2ccccc2)C1=O)S(C)(=O)=O,ULBGCPBWVFMKED-UHFFFAOYSA-N,91,1369.6,0.045,6.67,False,True,,6OIM,9IAY,,,,,,,,Cys12,covalent,,,,,,,,structure_offset +0,,,,,,,,4,O=C1CNC(=O)C(Cc2ccccc2)NC(=O)CNC(=O)C2CCCN2C(=O)CCSSCCNC(=O)CNC(=O)C2CCCN2C(=O)CNC(=O)C(Cc2ccccc2)NC(=O)CN1,,,,,0,True,6,,,,,1.37,,,,,,,,,,,4,,panel_build_KRAS_G12C.csv,False,True,10,"built from the plan with no intermediate docking, docked once at the end"
KRAS_G12C,constrained,KRAS,generated,build_3,,,,,,CS(=O)(=O)N(C(=O)CC(=C(C(N)=O)c1nn[nH]n1)N1CC(=O)NCC(=O)NC(Cc2ccccc2)C(=O)NCC(=O)N2CCCC2C(=O)NCC(=O)NCCSSCCC(=O)N2CCCC2C(=O)NCC(=O)NC(Cc2ccccc2)C1=O)c1nn[nH]n1,UXXYLFMRJZAZQD-UHFFFAOYSA-N,88,1277.4,0.05,6.67,False,True,,6OIM,9IAY,,,,,,,,Cys12,covalent,,,,,,,,structure_offset +0,,,,,,,,4,O=C1CNC(=O)C(Cc2ccccc2)NC(=O)CNC(=O)C2CCCN2C(=O)CCSSCCNC(=O)CNC(=O)C2CCCN2C(=O)CNC(=O)C(Cc2ccccc2)NC(=O)CN1,,,,,0,True,6,,,,,1.37,,,,,,,,,,,4,,panel_build_KRAS_G12C.csv,False,True,9,"built from the plan with no intermediate docking, docked once at the end"
KRAS_G12C,constrained,KRAS,generated,build_4,,,,,,CS(=O)(=O)NN(CS(=O)(=O)NC(=CC1NC(=O)C(Cc2ccccc2)NC(=O)CNC(=O)C2CCCN2C(=O)CCSSCCNC(=O)CNC(=O)C2CCCN2C(=O)CNC(=O)C(Cc2ccccc2)NC(=O)CNC1=O)C(N)=O)S(C)(=O)=O,HBVVYTFZFPLKFT-UHFFFAOYSA-N,85,1285.5,0.051,6.64,False,True,,6OIM,9IAY,,-5.77,,,,,,Cys12,covalent,,,,,,,,structure_offset +0,,,,,,,,4,O=C1CNC(=O)C(Cc2ccccc2)NC(=O)CNC(=O)C2CCCN2C(=O)CCSSCCNC(=O)CNC(=O)C2CCCN2C(=O)CNC(=O)C(Cc2ccccc2)NC(=O)CN1,,,,,0,True,6,,,,,1.37,,,,,,,,,,,4,,panel_build_KRAS_G12C.csv,False,True,9,"built from the plan with no intermediate docking, docked once at the end"
KRAS_G12C,constrained,KRAS,generated,build_5,,,,,,CS(=O)(=O)N(NS(=O)(=O)Cc1nn[nH]n1)C(=O)CNC(=O)C=CC1NC(=O)C(Cc2ccccc2)NC(=O)CNC(=O)C2CCCN2C(=O)CCSSCCNC(=O)CNC(=O)C2CCCN2C(=O)CNC(=O)C(Cc2ccccc2)NC(=O)CNC1=O,UVVXJHHSQKCHRD-UHFFFAOYSA-N,88,1302.5,0.043,6.73,False,True,,6OIM,9IAY,,,,,,,,Cys12,covalent,,,,,,,,structure_offset +0,,,,,,,,4,O=C1CNC(=O)C(Cc2ccccc2)NC(=O)CNC(=O)C2CCCN2C(=O)CCSSCCNC(=O)CNC(=O)C2CCCN2C(=O)CNC(=O)C(Cc2ccccc2)NC(=O)CN1,,,,,0,True,6,,,,,1.37,,,,,,,,,,,4,,panel_build_KRAS_G12C.csv,False,True,10,"built from the plan with no intermediate docking, docked once at the end"
KRAS_G12C,constrained,KRAS,generated,build_6,,,,,,CS(=O)(=O)NC(=O)CC(C(=O)N(c1nn[nH]n1)S(C)(=O)=O)C(=CN1CC(=O)NCC(=O)NC(Cc2ccccc2)C(=O)NCC(=O)N2CCCC2C(=O)NCC(=O)NCCSSCCC(=O)N2CCCC2C(=O)NCC(=O)NC(Cc2ccccc2)C1=O)C(N)=O,QOFSSAICYXXDIW-UHFFFAOYSA-N,91,1344.5,0.056,6.87,False,True,,6OIM,9IAY,,,,,,,,Cys12,covalent,,,,,,,,structure_offset +0,,,,,,,,4,O=C1CNC(=O)C(Cc2ccccc2)NC(=O)CNC(=O)C2CCCN2C(=O)CCSSCCNC(=O)CNC(=O)C2CCCN2C(=O)CNC(=O)C(Cc2ccccc2)NC(=O)CN1,,,,,0,True,6,,,,,1.37,,,,,,,,,,,4,,panel_build_KRAS_G12C.csv,False,True,9,"built from the plan with no intermediate docking, docked once at the end"
ABL1_SRC__plan,constrained,ABL1,reference,chembl_1,PD-153035,CHEMBL29197,4705,,False,COc1cc2ncnc(Nc3cccc(Br)c3)c2cc1OC,LSPANGZZENHZNJ-UHFFFAOYSA-N,22,360.2,0.757,1.99,False,False,,6NPV,7NG7,-7.7,-8.47,-0.77,0.35,True,8,0,Thr334,hbond_donor,,,,,0,7,0.0,uniprot_pairwise_alignment,7.52,known,KNOWN compound - catalogued in PubChem as 'PD-153035',1.0,CHEMBL29197,,100.0,,,,,,,,,,,,,,1.37,REJECT,0.98,SRC,-8.08,1,SRC: 4 divergent pocket position(s) supplied by the caller's own ,4,5.6,,,4,,panel_plan_ABL1_SRC.csv,False,False,0,
ABL1_SRC__plan,constrained,ABL1,reference,chembl_2,STAUROSPORINE,CHEMBL388978,44259,,False,CN[C@@H]1C[C@H]2O[C@@](C)([C@@H]1OC)n1c3ccccc3c3c4c(c5c6ccccc6n2c5c31)C(=O)NC4,HKSZLNNOFSGOKW-FYTWVXJKSA-N,35,466.5,0.406,4.95,False,False,,6NPV,7NG7,-9.11,-9.61,-0.5,0.26,True,8,0,Thr334,hbond_donor,,,,,1,3,0.25,uniprot_pairwise_alignment,7.52,known,KNOWN compound - catalogued in PubChem as 'Staurosporine',1.0,CHEMBL364347,,100.0,,,,,,,,,,,,,,1.37,REJECT,0.0,SRC,-9.11,1,SRC: 4 divergent pocket position(s) supplied by the caller's own ,4,0.1,,,4,,panel_plan_ABL1_SRC.csv,False,False,0,
ABL1_SRC__plan,constrained,ABL1,reference,chembl_3,IMATINIB,CHEMBL941,5291,4.0,True,Cc1ccc(NC(=O)c2ccc(CN3CCN(C)CC3)cc2)cc1Nc1nccc(-c2cccnc2)n1,KTUFNOKKBVMGRW-UHFFFAOYSA-N,37,493.6,0.389,2.33,False,False,,6NPV,7NG7,-9.06,-11.2,-2.14,0.245,True,12,0,Thr334,hbond_donor,,,,,0,5,0.0,uniprot_pairwise_alignment,7.42,known,KNOWN compound - catalogued in PubChem as 'Imatinib',1.0,CHEMBL941,IMATINIB,100.0,,,,,,,,,,,,,,1.37,REJECT,1.54,SRC,-9.45,1,SRC: 4 divergent pocket position(s) supplied by the caller's own ,4,10.3,,,4,,panel_plan_ABL1_SRC.csv,False,False,0,
ABL1_SRC__plan,constrained,ABL1,reference,chembl_4,1-[4-Methyl-3-(4-pyridin-3-yl-pyrimidin-2-ylamino)-phenyl]-3-(3-pyrrolidin-1-yl-phenyl)-urea,CHEMBL184742,11488124,,False,Cc1ccc(NC(=O)Nc2cccc(N3CCCC3)c2)cc1Nc1nccc(-c2cccnc2)n1,YCCAMNPZGLARRQ-UHFFFAOYSA-N,35,465.6,0.331,2.34,False,False,,6NPV,7NG7,-12.41,-11.02,1.39,0.355,True,15,2,Thr334,hbond_donor,,,,,1,11,0.083,uniprot_pairwise_alignment,7.28,known,KNOWN compound - catalogued in PubChem as '1-[4-Methyl-3-(4-pyridin-3-yl-pyrimidin-2-ylamino)-phenyl]-3-(3-pyrrolidin-1-,1.0,CHEMBL184742,,100.0,,,,,,,,,,,,,,1.37,PASS,1.45,SRC,-12.97,1,SRC: 4 divergent pocket position(s) supplied by the caller's own ,4,9.9,,,4,,panel_plan_ABL1_SRC.csv,False,False,0,
ABL1_SRC__plan,constrained,ABL1,reference,chembl_5,1-(3-Dimethylamino-phenyl)-3-[4-methyl-3-(4-pyridin-3-yl-pyrimidin-2-ylamino)-phenyl]-urea,CHEMBL434335,44395763,,False,Cc1ccc(NC(=O)Nc2cccc(N(C)C)c2)cc1Nc1nccc(-c2cccnc2)n1,UXRUDXZNSIAVNZ-UHFFFAOYSA-N,33,439.5,0.377,2.33,False,False,,6NPV,7NG7,-11.9,-11.1,0.8,0.361,True,14,1,Thr334,hbond_donor,,,,,2,10,0.167,uniprot_pairwise_alignment,7.25,known,KNOWN compound - catalogued in PubChem as '1-(3-Dimethylamino-phenyl)-3-[4-methyl-3-(4-pyridin-3-yl-pyrimidin-2-ylamino),1.0,CHEMBL434335,,100.0,,,,,,,,,,,,,,1.37,REJECT,1.28,SRC,-12.44,1,SRC: 4 divergent pocket position(s) supplied by the caller's own ,4,20.1,,,4,,panel_plan_ABL1_SRC.csv,False,False,0,
ABL1_SRC__plan,constrained,ABL1,reference,chembl_6,VANDETANIB,CHEMBL24828,3081361,4.0,True,COc1cc2/c(=N/c3ccc(Br)cc3F)nc[nH]c2cc1OCC1CCN(C)CC1,UHTHHESEBZOYNR-UHFFFAOYSA-N,30,475.4,0.594,2.95,False,False,,6NPV,7NG7,-8.62,-9.95,-1.33,0.287,True,9,1,Thr334,hbond_donor,,,,,0,5,0.0,uniprot_pairwise_alignment,7.07,known,KNOWN compound - catalogued in PubChem as 'Vandetanib',1.0,CHEMBL24828,VANDETANIB,100.0,,,,,,,,,,,,,,1.37,REJECT,1.01,SRC,-8.62,1,SRC: 4 divergent pocket position(s) supplied by the caller's own ,4,4.6,,,4,,panel_plan_ABL1_SRC.csv,False,False,0,
ABL1_SRC__plan,constrained,ABL1,reference,chembl_7,4-((4-Methyl-1-piperazinyl)methyl)-N-(3-((4-(3-pyridinyl)-2-pyrimidinyl)amino)phenyl)-benzamide,CHEMBL56904,4369496,,False,CN1CCN(Cc2ccc(C(=O)Nc3cccc(Nc4nccc(-c5cccnc5)n4)c3)cc2)CC1,JHMBUEWQJDGKGS-UHFFFAOYSA-N,36,479.6,0.409,2.27,False,False,,6NPV,7NG7,-10.85,-10.31,0.54,0.301,True,11,1,Thr334,hbond_donor,,,,,1,5,0.167,uniprot_pairwise_alignment,7.0,known,KNOWN compound - catalogued in PubChem as '4-((4-Methyl-1-piperazinyl)methyl)-N-(3-((4-(3-pyridinyl)-2-pyrimidinyl)amino,1.0,CHEMBL56904,,100.0,,,,,,,,,,,,,,1.37,REJECT,1.22,SRC,-11.32,1,SRC: 4 divergent pocket position(s) supplied by the caller's own ,4,10.8,,,4,,panel_plan_ABL1_SRC.csv,False,False,0,
ABL1_SRC__plan,constrained,ABL1,reference,chembl_8,N-[3-(4-Pyridin-3-yl-pyrimidin-2-ylamino)-phenyl]-nicotinamide,CHEMBL418270,9947433,,False,O=C(Nc1cccc(Nc2nccc(-c3cccnc3)n2)c1)c1cccnc1,QOFWWNRCEIPMLU-UHFFFAOYSA-N,28,368.4,0.554,2.12,False,False,,6NPV,7NG7,-9.27,-10.04,-0.77,0.331,True,9,2,Thr334,hbond_donor,,,,,0,8,0.0,uniprot_pairwise_alignment,6.82,known,KNOWN compound - catalogued in PubChem as 'N-[3-(4-Pyridin-3-yl-pyrimidin-2-ylamino)-phenyl]-nicotinamide',1.0,CHEMBL418270,,100.0,,,,,,,,,,,,,,1.37,REJECT,1.44,SRC,-9.71,1,SRC: 4 divergent pocket position(s) supplied by the caller's own ,4,10.1,,,4,,panel_plan_ABL1_SRC.csv,False,False,0,
ABL1_SRC__plan,constrained,ABL1,reference,chembl_9,"4-({4-[(3-chlorophenyl)amino]-1H-pyrazolo[3,4-d]pyrimidin-3-yl}amino)phenol",CHEMBL122182,5327829,,False,Oc1ccc(Nc2[nH]nc3ncnc(Nc4cccc(Cl)c4)c23)cc1,DBDQLLPCPIODHI-UHFFFAOYSA-N,25,352.8,0.411,2.49,False,True,,6NPV,7NG7,-7.65,-8.6,-0.95,0.306,True,9,0,Thr334,hbond_donor,,,,,1,5,0.167,uniprot_pairwise_alignment,6.82,known,"KNOWN compound - catalogued in PubChem as '4-({4-[(3-chlorophenyl)amino]-1H-pyrazolo[3,4-d]pyrimidin-3-yl}amino)phenol'",1.0,CHEMBL122182,,100.0,,,,,,,,,,,,,,1.37,REJECT,0.99,SRC,-8.02,1,SRC: 4 divergent pocket position(s) supplied by the caller's own ,4,6.6,,,4,,panel_plan_ABL1_SRC.csv,False,False,0,
ABL1_SRC__plan,constrained,ABL1,reference,chembl_10,1-(3-Chloro-phenyl)-3-[4-methyl-3-(4-pyridin-3-yl-pyrimidin-2-ylamino)-phenyl]-urea,CHEMBL186652,44395789,,False,Cc1ccc(NC(=O)Nc2cccc(Cl)c2)cc1Nc1nccc(-c2cccnc2)n1,SPYAHPCGCDDALM-UHFFFAOYSA-N,31,430.9,0.367,2.19,False,False,,6NPV,7NG7,-10.68,-11.74,-1.06,0.345,True,12,2,Thr334,hbond_donor,,,,,0,11,0.0,uniprot_pairwise_alignment,6.76,known,KNOWN compound - catalogued in PubChem as '1-(3-Chloro-phenyl)-3-[4-methyl-3-(4-pyridin-3-yl-pyrimidin-2-ylamino)-phenyl,1.0,CHEMBL186652,,100.0,,,,,,,,,,,,,,1.37,REJECT,1.57,SRC,-11.19,1,SRC: 4 divergent pocket position(s) supplied by the caller's own ,4,11.9,,,4,,panel_plan_ABL1_SRC.csv,False,False,0,
ABL1_SRC__plan,constrained,ABL1,generated,lead_1,,,,,,O=C(Nc1cccc(Nc2nccc(-c3cccnc3)n2)c1)c1ccc(C2CNC2)cc1,RKFCTBPBXUPZJU-UHFFFAOYSA-N,32,422.5,0.431,2.31,False,False,,6NPV,7NG7,-12.41,-11.27,1.14,0.388,True,13,2,Thr334,hbond_donor,,,,,2,9,0.182,uniprot_pairwise_alignment,,,,,,,,1,O=C(Nc1cccc(Nc2nccc(-c3cccnc3)n2)c1)c1ccccc1,-9.275,-3.13,-3.13,agent_conserved,0,True,2,REJECT,0.36,SRC,"REJECTED - margin over SRC is only +0.36 kcal/mol, below the required 1.37",1.37,REJECT,2.07,SRC,-12.98,1,SRC: 4 divergent pocket position(s) supplied by the caller's own ,4,5.9,True,0.0,4,,panel_plan_ABL1_SRC.csv,False,False,0,
ABL1_SRC__plan,constrained,ABL1,generated_front,lead_1_alt1,,,,,,CNCc1cc(NC(=O)c2ccccc2)cc(Nc2nccc(-c3cccnc3)n2)c1,VYIYSQCBNXNNBF-UHFFFAOYSA-N,31,410.5,0.422,2.24,False,False,,6NPV,,-9.71,,,0.313,True,12,1,Thr334,hbond_donor,,,,,1,9,0.1,uniprot_pairwise_alignment,,,,,,,,1,O=C(Nc1cccc(Nc2nccc(-c3cccnc3)n2)c1)c1ccccc1,-9.275,,,agent_conserved,1,False,2,,,,,,,,,,,,4,,True,0.0,4,,panel_plan_ABL1_SRC.csv,False,False,0,"Pareto front member, REDOCKED into the pinned pocket box; no counter dock, so margin is absent by design"
ABL1_SRC__plan,constrained,ABL1,generated,lead_1,,,,,,NC(=O)C#Cc1cc(C2CNC2)ccc1C(=O)Nc1cccc(Nc2nccc(-c3cccnc3)n2)c1,RJUWIENYRBPQSA-UHFFFAOYSA-N,37,489.5,0.306,2.87,False,True,,6NPV,7NG7,-11.54,-11.02,0.52,0.312,True,12,0,Cys388,covalent,,,,,1,8,0.111,uniprot_pairwise_alignment,,,,,,,,2,O=C(Nc1cccc(Nc2nccc(-c3cccnc3)n2)c1)c1ccccc1,-9.275,0.87,-2.26,agent_divergent,0,True,4,undecided,,,no anti-target resolved a dockable pocket - selectivity undecidable,1.37,REJECT,2.76,SRC,-11.54,1,SRC: 4 divergent pocket position(s) supplied by the caller's own ,4,13.3,True,0.0,4,,panel_plan_ABL1_SRC.csv,False,False,0,
ABL1_SRC__plan,constrained,ABL1,generated_front,lead_1_alt1,,,,,,O=C(Nc1cc(Nc2nccc(-c3cccnc3)n2)ccc1C1CO1)c1ccc(C2CNC2)cc1,LJRQNTHNTHQZDR-UHFFFAOYSA-N,35,464.5,0.351,3.07,False,True,,6NPV,,-8.76,,,0.25,True,9,1,Cys388,covalent,,,,,0,4,0.0,uniprot_pairwise_alignment,,,,,,,,2,O=C(Nc1cccc(Nc2nccc(-c3cccnc3)n2)c1)c1ccccc1,-9.275,,,agent_divergent,1,False,4,,,,,,,,,,,,4,,True,0.0,4,,panel_plan_ABL1_SRC.csv,False,False,0,"Pareto front member, REDOCKED into the pinned pocket box; no counter dock, so margin is absent by design"
ABL1_SRC__plan,constrained,ABL1,generated_front,lead_1_alt2,,,,,,NC(=O)C=Cc1ccc(-c2ccnc(Nc3cccc(NC(=O)c4ccc(C5CNC5)cc4)c3)n2)cn1,RGHAPBNUDMJIMA-UHFFFAOYSA-N,37,491.6,0.276,2.69,False,True,,6NPV,,-10.83,,,0.293,True,15,1,Cys388,covalent,,,,,1,8,0.111,uniprot_pairwise_alignment,,,,,,,,2,O=C(Nc1cccc(Nc2nccc(-c3cccnc3)n2)c1)c1ccccc1,-9.275,,,agent_divergent,2,False,4,,,,,,,,,,,,4,,True,0.0,4,,panel_plan_ABL1_SRC.csv,False,False,0,"Pareto front member, REDOCKED into the pinned pocket box; no counter dock, so margin is absent by design"
ABL1_SRC__plan,constrained,ABL1,generated_front,lead_1_alt3,,,,,,NC(=O)C=Cc1cc(C2CNC2)ccc1C(=O)Nc1cccc(Nc2nccc(-c3cccnc3)n2)c1,IVPQABIKKLLKFL-UHFFFAOYSA-N,37,491.6,0.276,2.78,False,True,,6NPV,,-9.69,,,0.262,True,11,1,Cys388,covalent,,,,,0,9,0.0,uniprot_pairwise_alignment,,,,,,,,2,O=C(Nc1cccc(Nc2nccc(-c3cccnc3)n2)c1)c1ccccc1,-9.275,,,agent_divergent,3,False,4,,,,,,,,,,,,4,,True,0.0,4,,panel_plan_ABL1_SRC.csv,False,False,0,"Pareto front member, REDOCKED into the pinned pocket box; no counter dock, so margin is absent by design"
ABL1_SRC__plan,constrained,ABL1,generated,lead_1,,,,,,NC(=O)C#Cc1cc(C2CNC2)ccc1C(=O)Nc1cccc(Nc2ncc(-c3cn[nH]c3)c(-c3cccnc3)n2)c1,LLLNPTYZETWRNE-UHFFFAOYSA-N,42,555.6,0.191,3.2,False,True,,6NPV,7NG7,-10.29,-10.95,-0.66,0.245,True,15,2,Tyr272,aromatic,,,,,1,9,0.1,uniprot_pairwise_alignment,,,,,,,,3,O=C(Nc1cccc(Nc2nccc(-c3cccnc3)n2)c1)c1ccccc1,-9.275,1.25,-1.01,agent_divergent,0,True,1,undecided,,,no anti-target resolved a dockable pocket - selectivity undecidable,1.37,REJECT,2.22,SRC,-10.29,1,SRC: 4 divergent pocket position(s) supplied by the caller's own ,4,13.4,True,0.0,4,,panel_plan_ABL1_SRC.csv,False,False,0,
ABL1_SRC__plan,constrained,ABL1,generated,lead_1,,,,,,O=C(C#Cc1cc(C2CNC2)ccc1C(=O)Nc1cccc(Nc2ncc(-c3cn[nH]c3)c(-c3cccnc3)n2)c1)NC#Cc1ccccc1,SNLKFJMSKHAPCY-UHFFFAOYSA-N,50,655.7,0.118,3.54,False,True,,6NPV,7NG7,-10.67,-12.58,-1.91,0.213,True,14,0,Ile333,hydrophobic,,,,,1,6,0.143,uniprot_pairwise_alignment,,,,,,,,4,O=C(Nc1cccc(Nc2nccc(-c3cccnc3)n2)c1)c1ccccc1,-9.275,-0.38,-1.39,agent_divergent,0,True,2,undecided,,,no anti-target resolved a dockable pocket - selectivity undecidable,1.37,REJECT,2.12,SRC,-10.28,1,SRC: 4 divergent pocket position(s) supplied by the caller's own ,4,29.7,True,0.0,4,,panel_plan_ABL1_SRC.csv,False,False,0,
ABL1_SRC__plan,constrained,ABL1,generated_front,lead_1_alt1,,,,,,NC(=O)C#Cc1cc(C2CNC2)ccc1C(=O)N(c1ccoc1)c1cccc(Nc2ncc(-c3cn[nH]c3)c(-c3cccnc3)n2)c1,BWPIKCCDDQBHGW-UHFFFAOYSA-N,47,621.7,0.175,3.63,False,True,,6NPV,,,,,,,,,Ile333,hydrophobic,,,,,,,,uniprot_pairwise_alignment,,,,,,,,4,O=C(Nc1cccc(Nc2nccc(-c3cccnc3)n2)c1)c1ccccc1,-9.275,,,agent_divergent,1,False,2,,,,,,,,,,,,,,True,0.0,4,,panel_plan_ABL1_SRC.csv,False,False,0,"Pareto front member, REDOCKED into the pinned pocket box; no counter dock, so margin is absent by design"
BRAF_V600E__plan,constrained,BRAF,reference,chembl_1,SB590885,CHEMBL477989,135421339,,False,CN(C)CCOc1ccc(-c2nc(-c3ccncc3)c(-c3ccc4c(c3)CC/C4=N\O)[nH]2)cc1,MLSAQOINCGAULQ-QFMPWRQOSA-N,34,453.5,0.308,2.72,False,True,,8C7Y,1UWH,-10.56,-10.12,0.44,0.311,True,11,1,Cys532,hbond_acceptor,,,,,0,7,0.0,structure_offset -1,9.52,known,KNOWN compound - catalogued in PubChem as '(E)-SB-590885',1.0,CHEMBL477989,SB590885,100.0,,,,,,,,,,,,,,1.37,REJECT,0.52,BRAF (wild type),-10.56,1,"BRAF (wild type): the target's own required mutations reverted, so the counter",0,3.4,,,4,,panel_plan_BRAF_V600E.csv,False,False,0,
BRAF_V600E__plan,constrained,BRAF,reference,chembl_2,"(NZ)-N-[5-(2-phenyl-5-pyridin-4-yl-1H-imidazol-4-yl)-2,3-dihydroinden-1-ylidene]hydroxylamine",CHEMBL372543,136184478,,False,O/N=C1/CCc2cc(-c3[nH]c(-c4ccccc4)nc3-c3ccncc3)ccc21,VSBSSDLCXXCVJB-OOAXWGSJSA-N,28,366.4,0.399,2.53,False,True,,8C7Y,1UWH,-10.26,-11.01,-0.75,0.366,True,8,1,Cys532,hbond_acceptor,,,,,0,6,0.0,structure_offset -1,8.89,known,"KNOWN compound - catalogued in PubChem as '(NZ)-N-[5-(2-phenyl-5-pyridin-4-yl-1H-imidazol-4-yl)-2,3-dihydroinden-1-ylide",1.0,CHEMBL372543,,100.0,,,,,,,,,,,,,,1.37,REJECT,0.83,BRAF (wild type),-10.26,1,"BRAF (wild type): the target's own required mutations reverted, so the counter",0,4.6,,,4,,panel_plan_BRAF_V600E.csv,False,False,0,
BRAF_V600E__plan,constrained,BRAF,reference,chembl_3,(NE)-N-[[4-(2-phenyl-5-pyridin-4-yl-1H-imidazol-4-yl)phenyl]methylidene]hydroxylamine,CHEMBL200783,136184483,,False,O/N=C/c1ccc(-c2[nH]c(-c3ccccc3)nc2-c2ccncc2)cc1,SNRTVQGDEVGTKE-OEAKJJBVSA-N,26,340.4,0.323,2.29,False,True,,8C7Y,1UWH,-9.52,-9.93,-0.41,0.366,True,11,0,Cys532,hbond_acceptor,,,,,0,7,0.0,structure_offset -1,8.3,known,KNOWN compound - catalogued in PubChem as '(NE)-N-[[4-(2-phenyl-5-pyridin-4-yl-1H-imidazol-4-yl)phenyl]methylidene]hydro,1.0,CHEMBL200783,,100.0,,,,,,,,,,,,,,1.37,REJECT,0.46,BRAF (wild type),-9.16,1,"BRAF (wild type): the target's own required mutations reverted, so the counter",0,4.1,,,4,,panel_plan_BRAF_V600E.csv,False,False,0,
BRAF_V600E__plan,constrained,BRAF,reference,chembl_4,5-(5-(2-aminopyrimidin-4-yl)-2-phenyl-1H-imidazol-4-yl)-2-chlorophenol,CHEMBL200258,44406594,,False,Nc1nccc(-c2[nH]c(-c3ccccc3)nc2-c2ccc(Cl)c(O)c2)n1,OKHHFJVOMXBGTO-UHFFFAOYSA-N,26,363.8,0.507,2.4,False,False,,8C7Y,1UWH,-9.61,-9.77,-0.16,0.37,True,9,0,Cys532,hbond_acceptor,,,,,0,7,0.0,structure_offset -1,8.24,known,KNOWN compound - catalogued in PubChem as '5-(5-(2-aminopyrimidin-4-yl)-2-phenyl-1H-imidazol-4-yl)-2-chlorophenol',1.0,CHEMBL200258,,100.0,,,,,,,,,,,,,,1.37,REJECT,0.66,BRAF (wild type),-9.84,1,"BRAF (wild type): the target's own required mutations reverted, so the counter",0,3.6,,,4,,panel_plan_BRAF_V600E.csv,False,False,0,
BRAF_V600E__plan,constrained,BRAF,reference,chembl_5,5-(2-(1-amino-2-methylpropan-2-yl)-5-(pyridin-4-yl)-1H-imidazol-4-yl)-2-chlorophenol,CHEMBL200889,22185475,,False,CC(C)(CN)c1nc(-c2ccc(Cl)c(O)c2)c(-c2ccncc2)[nH]1,YRHGMGAVJILIGS-UHFFFAOYSA-N,24,342.8,0.674,2.72,False,False,,8C7Y,1UWH,-8.7,-8.41,0.29,0.362,True,8,2,Cys532,hbond_acceptor,,,,,0,7,0.0,structure_offset -1,8.22,known,KNOWN compound - catalogued in PubChem as '5-(2-(1-amino-2-methylpropan-2-yl)-5-(pyridin-4-yl)-1H-imidazol-4-yl)-2-chlor,1.0,CHEMBL200889,,100.0,,,,,,,,,,,,,,1.37,REJECT,0.5,BRAF (wild type),-8.71,1,"BRAF (wild type): the target's own required mutations reverted, so the counter",0,4.5,,,4,,panel_plan_BRAF_V600E.csv,False,False,0,
BRAF_V600E__plan,constrained,BRAF,reference,chembl_6,2-chloro-5-(2-(pyridin-3-yl)-5-(pyridin-4-yl)-1H-imidazol-4-yl)phenol,CHEMBL381250,44406460,,False,Oc1cc(-c2[nH]c(-c3cccnc3)nc2-c2ccncc2)ccc1Cl,AMZKSFNYIWXGDY-UHFFFAOYSA-N,25,348.8,0.569,2.39,False,False,,8C7Y,1UWH,-9.47,-9.84,-0.37,0.379,True,9,1,Cys532,hbond_acceptor,,,,,0,7,0.0,structure_offset -1,8.22,known,KNOWN compound - catalogued in PubChem as '2-chloro-5-(2-(pyridin-3-yl)-5-(pyridin-4-yl)-1H-imidazol-4-yl)phenol',1.0,CHEMBL381250,,100.0,,,,,,,,,,,,,,1.37,REJECT,0.66,BRAF (wild type),-9.47,1,"BRAF (wild type): the target's own required mutations reverted, so the counter",0,2.6,,,4,,panel_plan_BRAF_V600E.csv,False,False,0,
BRAF_V600E__plan,constrained,BRAF,reference,chembl_7,(NE)-N-[[2-chloro-4-(2-phenyl-5-pyridin-4-yl-1H-imidazol-4-yl)phenyl]methylidene]hydroxylamine,CHEMBL200412,136184481,,False,O/N=C/c1ccc(-c2[nH]c(-c3ccccc3)nc2-c2ccncc2)cc1Cl,UFZUMHLMGJFCAD-ZMOGYAJESA-N,27,374.8,0.29,2.44,False,True,,8C7Y,1UWH,-10.02,-10.01,0.01,0.371,True,10,1,Cys532,hbond_acceptor,,,,,0,8,0.0,structure_offset -1,8.22,known,KNOWN compound - catalogued in PubChem as '(NE)-N-[[2-chloro-4-(2-phenyl-5-pyridin-4-yl-1H-imidazol-4-yl)phenyl]methylid,1.0,CHEMBL200412,,100.0,,,,,,,,,,,,,,1.37,REJECT,0.41,BRAF (wild type),-9.71,1,"BRAF (wild type): the target's own required mutations reverted, so the counter",0,8.6,,,4,,panel_plan_BRAF_V600E.csv,False,False,0,
BRAF_V600E__plan,constrained,BRAF,reference,chembl_8,5-(2-(4-(aminomethyl)phenyl)-5-(pyridin-4-yl)-1H-imidazol-4-yl)-2-chlorophenol,CHEMBL200320,22185379,,False,NCc1ccc(-c2nc(-c3ccc(Cl)c(O)c3)c(-c3ccncc3)[nH]2)cc1,UOHHVCYLYIQXFG-UHFFFAOYSA-N,27,376.8,0.484,2.38,False,False,,8C7Y,1UWH,-9.53,-9.69,-0.16,0.353,True,10,1,Cys532,hbond_acceptor,,,,,0,8,0.0,structure_offset -1,8.1,known,KNOWN compound - catalogued in PubChem as '5-(2-(4-(aminomethyl)phenyl)-5-(pyridin-4-yl)-1H-imidazol-4-yl)-2-chloropheno,1.0,CHEMBL1909412,,100.0,,,,,,,,,,,,,,1.37,REJECT,0.39,BRAF (wild type),-9.53,1,"BRAF (wild type): the target's own required mutations reverted, so the counter",0,5.1,,,4,,panel_plan_BRAF_V600E.csv,False,False,0,
BRAF_V600E__plan,constrained,BRAF,reference,chembl_9,3-[2-Phenyl-4-(Pyridin-4-Yl)-1h-Imidazol-5-Yl]phenol,CHEMBL304624,10638921,,False,Oc1cccc(-c2nc(-c3ccccc3)[nH]c2-c2ccncc2)c1,KPDQHNUZQHJLSJ-UHFFFAOYSA-N,24,313.4,0.585,2.11,False,False,,8C7Y,1UWH,-9.97,-9.99,-0.02,0.415,True,10,1,Cys532,hbond_acceptor,,,,,0,8,0.0,structure_offset -1,8.1,known,KNOWN compound - catalogued in PubChem as '3-[2-Phenyl-4-(Pyridin-4-Yl)-1h-Imidazol-5-Yl]phenol',1.0,CHEMBL1909413,,100.0,,,,,,,,,,,,,,1.37,REJECT,0.58,BRAF (wild type),-9.97,1,"BRAF (wild type): the target's own required mutations reverted, so the counter",0,2.3,,,4,,panel_plan_BRAF_V600E.csv,False,False,0,
BRAF_V600E__plan,constrained,BRAF,reference,chembl_10,"L-779,450",CHEMBL373011,9950176,,False,Oc1cc(-c2nc(-c3ccccc3)[nH]c2-c2ccncc2)ccc1Cl,WXJLXRNWMLWVFB-UHFFFAOYSA-N,25,347.8,0.537,2.22,False,False,,8C7Y,1UWH,-9.66,-10.35,-0.69,0.386,True,8,0,Cys532,hbond_acceptor,,,,,0,6,0.0,structure_offset -1,8.0,known,"KNOWN compound - catalogued in PubChem as 'L-779,450'",1.0,CHEMBL588165,,100.0,,,,,,,,,,,,,,1.37,REJECT,0.38,BRAF (wild type),-9.66,1,"BRAF (wild type): the target's own required mutations reverted, so the counter",0,1.7,,,4,,panel_plan_BRAF_V600E.csv,False,False,0,
BRAF_V600E__plan,constrained,BRAF,generated,lead_1,,,,,,c1ccc(-c2[nH]c(-c3cccc(N4CCC4)c3)nc2-c2ccncc2)cc1,QZJNONVTVFVSOX-UHFFFAOYSA-N,27,352.4,0.561,2.16,False,False,,8C7Y,1UWH,-10.58,-10.33,0.25,0.392,True,12,1,Cys532,hbond_acceptor,,,,,0,10,0.0,structure_offset -1,,,,,,,,1,c1ccc(-c2nc(-c3ccncc3)c(-c3ccccc3)[nH]2)cc1,-9.83,-0.75,-0.75,agent_conserved,0,True,2,PASS,3.0,BRAF,prefers BRAF over every anti-target by >= 1.37 kcal/mol (worst: BRAF at +3.00),1.37,REJECT,0.43,BRAF (wild type),-10.57,1,"BRAF (wild type): the target's own required mutations reverted, so the counter",0,6.3,True,0.0,4,,panel_plan_BRAF_V600E.csv,False,False,0,
BRAF_V600E__plan,constrained,BRAF,generated_front,lead_1_alt1,,,,,,c1ccc(-c2nc(-c3ccncc3)c(-c3ccc(C4CCNCC4)cc3)[nH]2)cc1,KWMITTMBGZVOBH-UHFFFAOYSA-N,29,380.5,0.507,2.33,False,False,,8C7Y,,-10.74,,,0.37,True,8,1,Cys532,hbond_acceptor,,,,,0,6,0.0,structure_offset -1,,,,,,,,1,c1ccc(-c2nc(-c3ccncc3)c(-c3ccccc3)[nH]2)cc1,-9.83,,,agent_conserved,1,False,2,,,,,,,,,,,,0,,True,0.0,4,,panel_plan_BRAF_V600E.csv,False,False,0,"Pareto front member, REDOCKED into the pinned pocket box; no counter dock, so margin is absent by design"
BRAF_V600E__plan,constrained,BRAF,generated,lead_1,,,,,,Nc1cnccc1-c1nc(-c2cccc(N3CCC3)c2)[nH]c1-c1ccccc1,GVGMTSWQHDOWCP-UHFFFAOYSA-N,28,367.5,0.553,2.38,False,False,,8C7Y,1UWH,-10.49,-9.62,0.87,0.375,True,13,1,Lys483,acidic,,,,,0,11,0.0,structure_offset -1,,,,,,,,2,c1ccc(-c2nc(-c3ccncc3)c(-c3ccccc3)[nH]2)cc1,-9.83,0.09,-0.66,agent_conserved,0,True,2,PASS,2.68,BRAF,prefers BRAF over every anti-target by >= 1.37 kcal/mol (worst: BRAF at +2.68),1.37,REJECT,0.43,BRAF (wild type),-10.49,1,"BRAF (wild type): the target's own required mutations reverted, so the counter",0,7.1,True,0.0,4,,panel_plan_BRAF_V600E.csv,False,False,0,
BRAF_V600E__plan,constrained,BRAF,generated_front,lead_1_alt1,,,,,,O=C(Cc1ccc(N2CCC2)cc1-c1nc(-c2ccncc2)c(-c2ccccc2)[nH]1)NO,LUZOAIZOCHCHMO-UHFFFAOYSA-N,32,425.5,0.32,2.55,False,True,,8C7Y,,-8.42,,,0.263,True,6,0,Lys483,acidic,,,,,0,4,0.0,structure_offset -1,,,,,,,,2,c1ccc(-c2nc(-c3ccncc3)c(-c3ccccc3)[nH]2)cc1,-9.83,,,agent_conserved,1,False,2,,,,,,,,,,,,0,,True,0.0,4,,panel_plan_BRAF_V600E.csv,False,False,0,"Pareto front member, REDOCKED into the pinned pocket box; no counter dock, so margin is absent by design"
BRAF_V600E__plan,constrained,BRAF,generated,lead_1,,,,,,O=C(CNc1cnccc1-c1nc(-c2cccc(N3CCC3)c2)[nH]c1-c1ccccc1)NO,MGQFZTRRAGTENU-UHFFFAOYSA-N,33,440.5,0.256,2.63,False,True,,8C7Y,1UWH,-9.28,-9.48,-0.2,0.281,True,8,0,Lys591,acidic,,,,,0,6,0.0,structure_offset -1,,,,,,,,3,c1ccc(-c2nc(-c3ccncc3)c(-c3ccccc3)[nH]2)cc1,-9.83,1.21,0.55,agent_conserved,0,True,1,PASS,1.72,BRAF,prefers BRAF over every anti-target by >= 1.37 kcal/mol (worst: BRAF at +1.72),1.37,REJECT,0.67,BRAF (wild type),-9.28,1,"BRAF (wild type): the target's own required mutations reverted, so the counter",0,11.8,True,0.0,4,,panel_plan_BRAF_V600E.csv,False,False,1,
BRAF_V600E__plan,constrained,BRAF,generated,lead_1,,,,,,O=C(CN(CC(=O)NO)c1cnccc1-c1nc(-c2cccc(N3CCC3)c2)[nH]c1-c1ccccc1)NO,PDJMPOKHEDLDBW-UHFFFAOYSA-N,38,513.6,0.17,2.96,False,True,,8C7Y,1UWH,-8.6,-9.46,-0.86,0.226,True,10,0,His574,acidic,,,,,0,6,0.0,structure_offset -1,,,,,,,,4,c1ccc(-c2nc(-c3ccncc3)c(-c3ccccc3)[nH]2)cc1,-9.83,0.68,1.23,agent_conserved,0,True,2,undecided,,,no anti-target resolved a dockable pocket - selectivity undecidable,1.37,REJECT,0.51,BRAF (wild type),-8.6,1,"BRAF (wild type): the target's own required mutations reverted, so the counter",0,10.0,True,0.0,4,,panel_plan_BRAF_V600E.csv,False,False,2,
BRAF_V600E__plan,constrained,BRAF,generated_front,lead_1_alt1,,,,,,CS(=O)(=O)NC1CCN1c1cccc(-c2nc(-c3ccncc3NCC(=O)NO)c(-c3ccccc3)[nH]2)c1,WRQSKWSMMMOPFK-UHFFFAOYSA-N,38,533.6,0.163,3.54,False,True,,8C7Y,,-9.29,,,0.244,True,11,1,His574,acidic,,,,,0,9,0.0,structure_offset -1,,,,,,,,4,c1ccc(-c2nc(-c3ccncc3)c(-c3ccccc3)[nH]2)cc1,-9.83,,,agent_conserved,1,False,2,,,,,,,,,,,,0,,True,0.0,4,,panel_plan_BRAF_V600E.csv,False,False,1,"Pareto front member, REDOCKED into the pinned pocket box; no counter dock, so margin is absent by design"
BRAF_V600E_alt__plan,constrained,BRAF,reference,chembl_1,SB590885,CHEMBL477989,135421339,,False,CN(C)CCOc1ccc(-c2nc(-c3ccncc3)c(-c3ccc4c(c3)CC/C4=N\O)[nH]2)cc1,MLSAQOINCGAULQ-QFMPWRQOSA-N,34,453.5,0.308,2.72,False,True,,6P3D,1UWH,-10.46,-10.12,0.34,0.308,True,11,1,Cys532,hbond_acceptor,,,,,0,10,0.0,structure_offset -1,9.52,known,KNOWN compound - catalogued in PubChem as '(E)-SB-590885',1.0,CHEMBL477989,SB590885,100.0,,,,,,,,,,,,,,1.37,REJECT,0.82,BRAF (wild type),-10.46,1,"BRAF (wild type): the target's own required mutations reverted, so the counter",0,3.6,,,4,,panel_plan_BRAF_V600E_alt.csv,False,False,0,
BRAF_V600E_alt__plan,constrained,BRAF,reference,chembl_2,"(NZ)-N-[5-(2-phenyl-5-pyridin-4-yl-1H-imidazol-4-yl)-2,3-dihydroinden-1-ylidene]hydroxylamine",CHEMBL372543,136184478,,False,O/N=C1/CCc2cc(-c3[nH]c(-c4ccccc4)nc3-c3ccncc3)ccc21,VSBSSDLCXXCVJB-OOAXWGSJSA-N,28,366.4,0.399,2.53,False,True,,6P3D,1UWH,-10.91,-11.01,-0.1,0.39,True,10,1,Cys532,hbond_acceptor,,,,,0,9,0.0,structure_offset -1,8.89,known,"KNOWN compound - catalogued in PubChem as '(NZ)-N-[5-(2-phenyl-5-pyridin-4-yl-1H-imidazol-4-yl)-2,3-dihydroinden-1-ylide",1.0,CHEMBL372543,,100.0,,,,,,,,,,,,,,1.37,REJECT,0.47,BRAF (wild type),-10.91,1,"BRAF (wild type): the target's own required mutations reverted, so the counter",0,2.8,,,4,,panel_plan_BRAF_V600E_alt.csv,False,False,0,
BRAF_V600E_alt__plan,constrained,BRAF,reference,chembl_3,(NE)-N-[[4-(2-phenyl-5-pyridin-4-yl-1H-imidazol-4-yl)phenyl]methylidene]hydroxylamine,CHEMBL200783,136184483,,False,O/N=C/c1ccc(-c2[nH]c(-c3ccccc3)nc2-c2ccncc2)cc1,SNRTVQGDEVGTKE-OEAKJJBVSA-N,26,340.4,0.323,2.29,False,True,,6P3D,1UWH,-9.51,-9.93,-0.42,0.366,True,7,1,Cys532,hbond_acceptor,,,,,0,7,0.0,structure_offset -1,8.3,known,KNOWN compound - catalogued in PubChem as '(NE)-N-[[4-(2-phenyl-5-pyridin-4-yl-1H-imidazol-4-yl)phenyl]methylidene]hydro,1.0,CHEMBL200783,,100.0,,,,,,,,,,,,,,1.37,REJECT,0.33,BRAF (wild type),-9.09,1,"BRAF (wild type): the target's own required mutations reverted, so the counter",0,2.2,,,4,,panel_plan_BRAF_V600E_alt.csv,False,False,0,
BRAF_V600E_alt__plan,constrained,BRAF,reference,chembl_4,5-(5-(2-aminopyrimidin-4-yl)-2-phenyl-1H-imidazol-4-yl)-2-chlorophenol,CHEMBL200258,44406594,,False,Nc1nccc(-c2[nH]c(-c3ccccc3)nc2-c2ccc(Cl)c(O)c2)n1,OKHHFJVOMXBGTO-UHFFFAOYSA-N,26,363.8,0.507,2.4,False,False,,6P3D,1UWH,-9.18,-9.77,-0.59,0.353,True,5,0,Cys532,hbond_acceptor,,,,,0,4,0.0,structure_offset -1,8.24,known,KNOWN compound - catalogued in PubChem as '5-(5-(2-aminopyrimidin-4-yl)-2-phenyl-1H-imidazol-4-yl)-2-chlorophenol',1.0,CHEMBL200258,,100.0,,,,,,,,,,,,,,1.37,REJECT,1.0,BRAF (wild type),-9.4,1,"BRAF (wild type): the target's own required mutations reverted, so the counter",0,3.5,,,4,,panel_plan_BRAF_V600E_alt.csv,False,False,0,
BRAF_V600E_alt__plan,constrained,BRAF,reference,chembl_5,5-(2-(1-amino-2-methylpropan-2-yl)-5-(pyridin-4-yl)-1H-imidazol-4-yl)-2-chlorophenol,CHEMBL200889,22185475,,False,CC(C)(CN)c1nc(-c2ccc(Cl)c(O)c2)c(-c2ccncc2)[nH]1,YRHGMGAVJILIGS-UHFFFAOYSA-N,24,342.8,0.674,2.72,False,False,,6P3D,1UWH,-8.05,-8.41,-0.36,0.335,True,4,0,Cys532,hbond_acceptor,,,,,0,4,0.0,structure_offset -1,8.22,known,KNOWN compound - catalogued in PubChem as '5-(2-(1-amino-2-methylpropan-2-yl)-5-(pyridin-4-yl)-1H-imidazol-4-yl)-2-chlor,1.0,CHEMBL200889,,100.0,,,,,,,,,,,,,,1.37,REJECT,0.16,BRAF (wild type),-8.05,1,"BRAF (wild type): the target's own required mutations reverted, so the counter",0,1.5,,,4,,panel_plan_BRAF_V600E_alt.csv,False,False,0,
BRAF_V600E_alt__plan,constrained,BRAF,reference,chembl_6,2-chloro-5-(2-(pyridin-3-yl)-5-(pyridin-4-yl)-1H-imidazol-4-yl)phenol,CHEMBL381250,44406460,,False,Oc1cc(-c2[nH]c(-c3cccnc3)nc2-c2ccncc2)ccc1Cl,AMZKSFNYIWXGDY-UHFFFAOYSA-N,25,348.8,0.569,2.39,False,False,,6P3D,1UWH,-9.5,-9.84,-0.34,0.38,True,8,1,Cys532,hbond_acceptor,,,,,0,7,0.0,structure_offset -1,8.22,known,KNOWN compound - catalogued in PubChem as '2-chloro-5-(2-(pyridin-3-yl)-5-(pyridin-4-yl)-1H-imidazol-4-yl)phenol',1.0,CHEMBL381250,,100.0,,,,,,,,,,,,,,1.37,REJECT,0.59,BRAF (wild type),-9.5,1,"BRAF (wild type): the target's own required mutations reverted, so the counter",0,2.2,,,4,,panel_plan_BRAF_V600E_alt.csv,False,False,0,
BRAF_V600E_alt__plan,constrained,BRAF,reference,chembl_7,(NE)-N-[[2-chloro-4-(2-phenyl-5-pyridin-4-yl-1H-imidazol-4-yl)phenyl]methylidene]hydroxylamine,CHEMBL200412,136184481,,False,O/N=C/c1ccc(-c2[nH]c(-c3ccccc3)nc2-c2ccncc2)cc1Cl,UFZUMHLMGJFCAD-ZMOGYAJESA-N,27,374.8,0.29,2.44,False,True,,6P3D,1UWH,-9.92,-10.01,-0.09,0.367,True,8,1,Cys532,hbond_acceptor,,,,,0,8,0.0,structure_offset -1,8.22,known,KNOWN compound - catalogued in PubChem as '(NE)-N-[[2-chloro-4-(2-phenyl-5-pyridin-4-yl-1H-imidazol-4-yl)phenyl]methylid,1.0,CHEMBL200412,,100.0,,,,,,,,,,,,,,1.37,REJECT,0.34,BRAF (wild type),-9.48,1,"BRAF (wild type): the target's own required mutations reverted, so the counter",0,4.4,,,4,,panel_plan_BRAF_V600E_alt.csv,False,False,0,
CA2_CA1__plan,constrained,CA2,reference,chembl_1,{3-(1H-Imidazol-4-yl)-2-[3-(4-sulfamoyl-phenyl)-thioureido]-propionylamino}-acetic acid,CHEMBL148167,44363692,,False,NS(=O)(=O)c1ccc(NC(S)=NC(Cc2c[nH]cn2)C(=O)NCC(=O)O)cc1,NMAZHZSPSGSCEM-UHFFFAOYSA-N,28,426.5,0.188,3.51,False,True,,6SBL,7Q0D,-8.15,-7.96,0.19,0.291,True,7,2,His94,acidic,,,,,1,3,0.25,uniprot_pairwise_alignment,9.0,known,KNOWN compound - catalogued in PubChem as '{3-(1H-Imidazol-4-yl)-2-[3-(4-sulfamoyl-phenyl)-thioureido]-propionylamino}-a,1.0,CHEMBL148167,,100.0,,,,,,,,,,,,,,1.37,REJECT,,,,,,8,9.9,,,4,,panel_plan_CA2_CA1.csv,False,False,1,
CA2_CA1__plan,constrained,CA2,reference,chembl_2,"1,3,4-Thiadiazole-2-sulfonamide, 5-(((4-aminophenyl)sulfonyl)amino)-",CHEMBL268439,134560,,False,Nc1ccc(S(=O)(=O)Nc2nnc(S(N)(=O)=O)s2)cc1,BDLSLORLEPSOGW-UHFFFAOYSA-N,20,335.4,0.639,2.4,False,True,,6SBL,7Q0D,-8.85,-7.1,1.75,0.443,True,8,3,His94,acidic,,,,,2,6,0.25,uniprot_pairwise_alignment,8.7,known,"KNOWN compound - catalogued in PubChem as '1,3,4-Thiadiazole-2-sulfonamide, 5-(((4-aminophenyl)sulfonyl)amino)-'",1.0,CHEMBL268439,,100.0,,,,,,,,,,,,,,1.37,PASS,,,,,,8,8.0,,,4,,panel_plan_CA2_CA1.csv,False,False,0,
CA2_CA1__plan,constrained,CA2,reference,chembl_3,4-(4-Methoxybenzoyl)-2-furansulfonamide,CHEMBL340519,14639078,,False,COc1ccc(C(=O)c2coc(S(N)(=O)=O)c2)cc1,OIEIIZQFSICKJF-UHFFFAOYSA-N,19,281.3,0.848,2.31,False,False,,6SBL,7Q0D,-8.53,-7.2,1.33,0.449,True,9,2,His94,acidic,,,,,2,4,0.333,uniprot_pairwise_alignment,8.7,known,KNOWN compound - catalogued in PubChem as '4-(4-Methoxybenzoyl)-2-furansulfonamide',1.0,CHEMBL340519,,100.0,,,,,,,,,,,,,,1.37,REJECT,,,,,,8,5.4,,,4,,panel_plan_CA2_CA1.csv,False,False,0,
CA2_CA1__plan,constrained,CA2,reference,chembl_4,2-[[2-[[(2S)-1-[(4-sulfamoylphenyl)carbamothioyl]pyrrolidine-2-carbonyl]amino]acetyl]amino]acetic acid,CHEMBL2370954,10836973,,False,NS(=O)(=O)c1ccc(NC(=S)N2CCC[C@H]2C(=O)NCC(=O)NCC(=O)O)cc1,DGOSXPMLHQFJNM-LBPRGKRZSA-N,29,443.5,0.325,2.76,False,True,,6SBL,7Q0D,-8.2,-8.44,-0.24,0.283,True,8,1,His94,acidic,,,,,2,2,0.5,uniprot_pairwise_alignment,8.52,known,KNOWN compound - catalogued in PubChem as '2-[[2-[[(2S)-1-[(4-sulfamoylphenyl)carbamothioyl]pyrrolidine-2-carbonyl]amino,1.0,CHEMBL2370954,,100.0,,,,,,,,,,,,,,1.37,REJECT,,,,,,8,32.3,,,4,,panel_plan_CA2_CA1.csv,False,False,3,
CA2_CA1__plan,constrained,CA2,reference,chembl_5,3-Hydroxy-2-[3-(4-sulfamoyl-phenyl)-thioureido]-propionic acid,CHEMBL148069,44363365,,False,NS(=O)(=O)c1ccc(N/C(S)=N/C(CO)C(=O)O)cc1,FMHTWDQAFBPUBC-UHFFFAOYSA-N,20,319.4,0.281,3.21,False,True,,6SBL,7Q0D,-7.16,-7.04,0.12,0.358,True,9,3,His94,acidic,,,,,1,5,0.167,uniprot_pairwise_alignment,8.52,known,KNOWN compound - catalogued in PubChem as '3-Hydroxy-2-[3-(4-sulfamoyl-phenyl)-thioureido]-propionic acid',1.0,CHEMBL148069,,100.0,,,,,,,,,,,,,,1.37,REJECT,,,,,,8,6.8,,,4,,panel_plan_CA2_CA1.csv,False,False,0,
CA2_CA1__plan,constrained,CA2,reference,chembl_6,3-Hydroxy-2-[3-(4-sulfamoyl-phenyl)-thioureido]-butyric acid,CHEMBL144186,44363263,,False,CC(O)C(/N=C(\S)Nc1ccc(S(N)(=O)=O)cc1)C(=O)O,HHMSOLCNQSSGIC-UHFFFAOYSA-N,21,333.4,0.288,3.5,False,True,,6SBL,7Q0D,-6.88,-6.91,-0.03,0.328,True,4,2,His94,acidic,,,,,1,2,0.333,uniprot_pairwise_alignment,8.4,known,KNOWN compound - catalogued in PubChem as '3-Hydroxy-2-[3-(4-sulfamoyl-phenyl)-thioureido]-butyric acid',1.0,CHEMBL144186,,100.0,,,,,,,,,,,,,,1.37,REJECT,,,,,,8,2.6,,,4,,panel_plan_CA2_CA1.csv,False,False,0,
CA2_CA1__plan,constrained,CA2,reference,chembl_7,3-Methyl-2-[3-(4-sulfamoyl-phenyl)-thioureido]-pentanoic acid,CHEMBL147385,44363764,,False,CCC(C)C(/N=C(\S)Nc1ccc(S(N)(=O)=O)cc1)C(=O)O,IMTGUGLNCFNYNG-UHFFFAOYSA-N,22,345.4,0.354,3.45,False,True,,6SBL,7Q0D,-6.65,-7.17,-0.52,0.302,True,4,1,His94,acidic,,,,,1,3,0.25,uniprot_pairwise_alignment,8.4,known,KNOWN compound - catalogued in PubChem as '3-Methyl-2-[3-(4-sulfamoyl-phenyl)-thioureido]-pentanoic acid',1.0,CHEMBL147385,,100.0,,,,,,,,,,,,,,1.37,REJECT,,,,,,8,6.0,,,4,,panel_plan_CA2_CA1.csv,False,False,0,
CA2_CA1__plan,constrained,CA2,reference,chembl_8,3-Phenyl-2-{2-[3-(4-sulfamoyl-phenyl)-thioureido]-propionylamino}-propionic acid,CHEMBL148387,44363655,,False,CC(/N=C(/S)Nc1ccc(S(N)(=O)=O)cc1)C(=O)NC(Cc1ccccc1)C(=O)O,SSAWUSNORQCOED-UHFFFAOYSA-N,30,450.5,0.232,3.23,False,True,,6SBL,7Q0D,-7.9,-8.55,-0.65,0.263,True,6,1,His94,acidic,,,,,2,2,0.5,uniprot_pairwise_alignment,8.4,known,KNOWN compound - catalogued in PubChem as '3-Phenyl-2-{2-[3-(4-sulfamoyl-phenyl)-thioureido]-propionylamino}-propionic a,1.0,CHEMBL148387,,100.0,,,,,,,,,,,,,,1.37,REJECT,,,,,,8,17.3,,,4,,panel_plan_CA2_CA1.csv,False,False,1,
CA2_CA1__plan,constrained,CA2,reference,chembl_9,3-(4-Hydroxy-phenyl)-2-[3-(4-sulfamoyl-phenyl)-thioureido]-propionic acid,CHEMBL344132,44363440,,False,NS(=O)(=O)c1ccc(N/C(S)=N/C(Cc2ccc(O)cc2)C(=O)O)cc1,SOGQZNAXWCUUCQ-UHFFFAOYSA-N,26,395.5,0.285,3.0,False,True,,6SBL,7Q0D,-8.03,-8.14,-0.11,0.309,True,10,2,His94,acidic,,,,,3,5,0.375,uniprot_pairwise_alignment,8.3,known,KNOWN compound - catalogued in PubChem as '3-(4-Hydroxy-phenyl)-2-[3-(4-sulfamoyl-phenyl)-thioureido]-propionic acid',1.0,CHEMBL344132,,100.0,,,,,,,,,,,,,,1.37,REJECT,,,,,,8,22.1,,,4,,panel_plan_CA2_CA1.csv,False,False,0,
CA2_CA1__plan,constrained,CA2,reference,chembl_10,4-[4-Hydroxy-3-[[methyl(2-methylpropyl)amino]methyl]phenyl]sulfonylthiophene-2-sulfonamide;hydrochloride,CHEMBL539817,45265194,,False,CC(C)CN(C)Cc1cc(S(=O)(=O)c2csc(S(N)(=O)=O)c2)ccc1O.Cl,MHBAUFMFEQXPCH-UHFFFAOYSA-N,27,455.0,0.663,2.82,True,False,,6SBL,7Q0D,,,,,,,,His94,acidic,,,,,,,,uniprot_pairwise_alignment,8.3,known,KNOWN compound - catalogued in PubChem as '4-[4-Hydroxy-3-[[methyl(2-methylpropyl)amino]methyl]phenyl]sulfonylthiophene-,0.978,CHEMBL539817,,97.8,,,,,,,,,,,,,,1.37,,,,,,,,,,,4,,panel_plan_CA2_CA1.csv,False,False,0,
CA2_CA1__plan,constrained,CA2,generated,lead_1,,,,,,O=C(c1ccccc1)c1ccsc1NS(=O)(=O)c1ccco1,ZDSALRWJXGCAPG-UHFFFAOYSA-N,22,333.4,0.726,2.48,False,False,,6SBL,7Q0D,-8.91,-7.56,1.35,0.405,True,11,2,His94,acidic,,,,,3,6,0.333,uniprot_pairwise_alignment,,,,,,,,1,O=C(c1ccccc1)c1ccsc1,-6.694,-2.22,-2.22,agent_conserved,0,True,1,PASS,1.41,CA1,prefers CA2 over every anti-target by >= 1.37 kcal/mol (worst: CA1 at +1.41),1.37,REJECT,,,,,,8,7.4,True,0.0,4,,panel_plan_CA2_CA1.csv,False,False,0,
CA2_CA1__plan,constrained,CA2,generated,lead_1,,,,,,O=C(c1ccccc1)c1cc(-c2cn[nH]c2)sc1NS(=O)(=O)c1ccco1,KWNUKVVVDCJNJI-UHFFFAOYSA-N,27,399.5,0.48,2.78,False,False,,6SBL,7Q0D,-9.41,-8.34,1.07,0.349,True,9,2,Phe131,aromatic,,,,,3,3,0.5,uniprot_pairwise_alignment,,,,,,,,2,O=C(c1ccccc1)c1ccsc1,-6.694,-0.5,-2.72,agent_divergent,0,True,2,REJECT,1.05,CA1,"REJECTED - margin over CA1 is only +1.05 kcal/mol, below the required 1.37",1.37,REJECT,,,,,,8,9.6,True,0.0,4,,panel_plan_CA2_CA1.csv,False,False,0,
CA2_CA1__plan,constrained,CA2,generated_front,lead_1_alt1,,,,,,O=C(c1ccccc1)c1cc(-c2ccsc2)sc1NS(=O)(=O)c1ccco1,JSXRDZLPGXWGIO-UHFFFAOYSA-N,27,415.5,0.445,2.67,False,False,,6SBL,,-9.34,,,0.346,True,8,1,Phe131,aromatic,,,,,2,3,0.4,uniprot_pairwise_alignment,,,,,,,,2,O=C(c1ccccc1)c1ccsc1,-6.694,,,agent_divergent,1,False,2,,,,,,,,,,,,8,,False,0.0,4,,panel_plan_CA2_CA1.csv,False,False,0,"Pareto front member, REDOCKED into the pinned pocket box; no counter dock, so margin is absent by design"
CA2_CA1__plan,constrained,CA2,generated,lead_1,,,,,,Cc1cccc(C(=O)c2cc(-c3cn[nH]c3)sc2NS(=O)(=O)c2ccco2)c1,FXSMWQTZNZXKNI-UHFFFAOYSA-N,28,413.5,0.464,2.86,False,False,,6SBL,7Q0D,-9.54,-8.84,0.7,0.341,False,7,1,Leu204,hydrophobic,,,,,2,2,0.5,uniprot_pairwise_alignment,,,,,,,,3,O=C(c1ccccc1)c1ccsc1,-6.694,-0.13,-2.85,agent_divergent,0,True,3,PASS,2.53,CA1,prefers CA2 over every anti-target by >= 1.37 kcal/mol (worst: CA1 at +2.53),1.37,REJECT,,,,,,8,13.4,True,0.0,4,,panel_plan_CA2_CA1.csv,False,False,0,
CA2_CA1__plan,constrained,CA2,generated_front,lead_1_alt1,,,,,,O=C(c1ccccc1F)c1cc(-c2cn[nH]c2)sc1NS(=O)(=O)c1ccco1,AEZPFBAXULUBJU-UHFFFAOYSA-N,28,417.4,0.463,2.88,False,False,,6SBL,,-9.67,,,0.345,True,11,2,Leu204,hydrophobic,,,,,4,5,0.444,uniprot_pairwise_alignment,,,,,,,,3,O=C(c1ccccc1)c1ccsc1,-6.694,,,agent_divergent,1,False,3,,,,,,,,,,,,8,,True,0.0,4,,panel_plan_CA2_CA1.csv,False,False,0,"Pareto front member, REDOCKED into the pinned pocket box; no counter dock, so margin is absent by design"
CA2_CA1__plan,constrained,CA2,generated_front,lead_1_alt2,,,,,,O=C(c1ccccc1O)c1cc(-c2cn[nH]c2)sc1NS(=O)(=O)c1ccco1,BGMZOGHAXVNVMN-UHFFFAOYSA-N,28,415.5,0.414,2.91,False,False,,6SBL,,-9.69,,,0.346,True,11,2,Leu204,hydrophobic,,,,,4,5,0.444,uniprot_pairwise_alignment,,,,,,,,3,O=C(c1ccccc1)c1ccsc1,-6.694,,,agent_divergent,2,False,3,,,,,,,,,,,,8,,True,0.0,4,,panel_plan_CA2_CA1.csv,False,False,0,"Pareto front member, REDOCKED into the pinned pocket box; no counter dock, so margin is absent by design"
CA2_CA1__plan,constrained,CA2,generated,lead_1,,,,,,Cc1ccc(C(N)=O)c(C(=O)c2cc(-c3cn[nH]c3)sc2NS(=O)(=O)c2ccco2)c1,CDOBQOHUOCSCOM-UHFFFAOYSA-N,31,456.5,0.364,3.01,False,False,,6SBL,7Q0D,-10.07,-8.93,1.14,0.325,True,9,3,Thr200,hbond_donor,,,,,1,5,0.167,uniprot_pairwise_alignment,,,,,,,,4,O=C(c1ccccc1)c1ccsc1,-6.694,-0.53,-3.38,agent_divergent,0,True,1,PASS,2.76,CA1,prefers CA2 over every anti-target by >= 1.37 kcal/mol (worst: CA1 at +2.76),1.37,REJECT,,,,,,8,7.9,True,0.0,4,,panel_plan_CA2_CA1.csv,False,False,0,
CA2_CA1__plan,constrained,CA2,generated,lead_1,,,,,,Cc1ccc(C(N)=O)c(C(=O)c2cc(-c3cn[nH]c3)sc2NS(=O)(=O)c2cc(C=CC(N)=O)co2)c1,ORZZDDODQJRVMM-UHFFFAOYSA-N,36,525.6,0.191,3.38,False,True,,6SBL,7Q0D,-8.64,-9.64,-1.0,0.24,True,6,1,Cys206,covalent,,,,,3,2,0.6,uniprot_pairwise_alignment,,,,,,,,5,O=C(c1ccccc1)c1ccsc1,-6.694,1.43,-1.95,agent_divergent,0,True,3,undecided,,,no anti-target resolved a dockable pocket - selectivity undecidable,1.37,REJECT,,,,,,8,13.8,True,0.0,4,,panel_plan_CA2_CA1.csv,False,False,0,
CA2_CA1__plan,constrained,CA2,generated_front,lead_1_alt1,,,,,,Cc1ccc(C(N)=O)c(C(=O)c2cc(-c3cn[nH]c3N)sc2NS(=O)(=O)c2ccco2)c1,HJSPILHMSHJPIW-UHFFFAOYSA-N,32,471.5,0.3,3.09,False,False,,6SBL,,-9.84,,,0.307,True,9,2,Cys206,covalent,,,,,2,5,0.286,uniprot_pairwise_alignment,,,,,,,,5,O=C(c1ccccc1)c1ccsc1,-6.694,,,agent_divergent,1,False,3,,,,,,,,,,,,8,,True,0.0,4,,panel_plan_CA2_CA1.csv,False,False,0,"Pareto front member, REDOCKED into the pinned pocket box; no counter dock, so margin is absent by design"
CA2_CA1__plan,constrained,CA2,generated_front,lead_1_alt2,,,,,,Cc1ccc(C(N)=O)c(C(=O)c2cc(-c3c[nH]nc3N)sc2NS(=O)(=O)c2ccco2)c1,HJSPILHMSHJPIW-UHFFFAOYSA-N,32,471.5,0.3,3.24,False,False,,6SBL,,-10.37,,,0.324,True,8,2,Cys206,covalent,,,,,2,4,0.333,uniprot_pairwise_alignment,,,,,,,,5,O=C(c1ccccc1)c1ccsc1,-6.694,,,agent_divergent,2,False,3,,,,,,,,,,,,8,,True,0.0,4,,panel_plan_CA2_CA1.csv,False,False,0,"Pareto front member, REDOCKED into the pinned pocket box; no counter dock, so margin is absent by design"
CA2_CA1__plan,constrained,CA2,generated,lead_1,,,,,,CCc1oc(S(=O)(=O)Nc2sc(-c3cn[nH]c3)cc2C(=O)c2cc(C)ccc2C(N)=O)cc1C=CC(N)=O,CEGHQGDXJOVCEB-UHFFFAOYSA-N,38,553.6,0.171,3.46,False,True,,6SBL,7Q0D,-9.97,-9.51,0.46,0.262,True,8,1,Val121,hydrophobic,,,,,3,3,0.5,uniprot_pairwise_alignment,,,,,,,,6,O=C(c1ccccc1)c1ccsc1,-6.694,-1.33,-3.28,agent_divergent,0,True,3,undecided,,,no anti-target resolved a dockable pocket - selectivity undecidable,1.37,REJECT,,,,,,8,26.7,False,0.0,4,,panel_plan_CA2_CA1.csv,False,False,0,
CA2_CA1__plan,constrained,CA2,generated_front,lead_1_alt1,,,,,,Cc1ccc(C(N)=O)c(C(=O)c2cc(-c3cn[nH]c3)sc2NS(=O)(=O)c2cc(C=CC(N)=O)c(C)o2)c1,JINVHGVQOQXIKP-UHFFFAOYSA-N,37,539.6,0.185,3.36,False,True,,6SBL,,,,,,,,,Val121,hydrophobic,,,,,,,,uniprot_pairwise_alignment,,,,,,,,6,O=C(c1ccccc1)c1ccsc1,-6.694,,,agent_divergent,1,False,3,,,,,,,,,,,,,,False,0.0,4,,panel_plan_CA2_CA1.csv,False,False,0,"Pareto front member, REDOCKED into the pinned pocket box; no counter dock, so margin is absent by design"
CA2_CA1__plan,constrained,CA2,generated_front,lead_1_alt2,,,,,,Cc1cc(Cl)c(C(N)=O)c(C(=O)c2cc(-c3cn[nH]c3)sc2NS(=O)(=O)c2cc(C=CC(N)=O)co2)c1,ZSPWLMLZJFVIGC-UHFFFAOYSA-N,37,560.0,0.178,3.5,False,True,,6SBL,,-9.16,,,0.248,True,7,2,Val121,hydrophobic,,,,,2,4,0.333,uniprot_pairwise_alignment,,,,,,,,6,O=C(c1ccccc1)c1ccsc1,-6.694,,,agent_divergent,2,False,3,,,,,,,,,,,,8,,True,0.0,4,,panel_plan_CA2_CA1.csv,False,False,0,"Pareto front member, REDOCKED into the pinned pocket box; no counter dock, so margin is absent by design"
CDK6_CDK2__plan,constrained,CDK6,reference,chembl_1,"8-(4,4-dimethylcyclohexyl)-N-(5-piperazin-1-yl-2-pyridinyl)-4,6,8,11-tetrazatricyclo[7.4.0.02,7]trideca-1(9),2,4,6,10,12-hexaen-5-amine",CHEMBL3237704,58299870,,False,CC1(C)CCC(n2c3cnccc3c3cnc(Nc4ccc(N5CCNCC5)cn4)nc32)CC1,ZEWPRVBMQMQROZ-UHFFFAOYSA-N,34,456.6,0.462,3.0,False,False,,5L2S,6Q4H,-10.36,-9.82,0.54,0.305,True,11,0,Val101,hbond_acceptor,,,,,2,8,0.2,uniprot_pairwise_alignment,8.96,known,"KNOWN compound - catalogued in PubChem as '8-(4,4-dimethylcyclohexyl)-N-(5-piperazin-1-yl-2-pyridinyl)-4,6,8,11-tetrazat",1.0,CHEMBL3237704,,100.0,,,,,,,,,,,,,,1.37,REJECT,22.26,CDK2,-11.44,1,CDK2: 8 divergent pocket position(s) supplied by the caller's own ,8,4.0,,,4,,panel_plan_CDK6_CDK2.csv,False,False,0,
CDK6_CDK2__plan,constrained,CDK6,reference,chembl_2,"8-cyclopentyl-N-(2-piperazin-1-ylpyrimidin-5-yl)-4,6,8,11-tetrazatricyclo[7.4.0.02,7]trideca-1(9),2,4,6,10,12-hexaen-5-amine",CHEMBL3698644,42642089,,False,c1cc2c3cnc(Nc4cnc(N5CCNCC5)nc4)nc3n(C3CCCC3)c2cn1,PMMUWIAESYJLQU-UHFFFAOYSA-N,31,415.5,0.525,2.85,False,False,,5L2S,6Q4H,-9.58,-10.47,-0.89,0.309,True,11,0,Val101,hbond_acceptor,,,,,2,7,0.222,uniprot_pairwise_alignment,8.96,known,"KNOWN compound - catalogued in PubChem as '8-cyclopentyl-N-(2-piperazin-1-ylpyrimidin-5-yl)-4,6,8,11-tetrazatricyclo[7.4",1.0,CHEMBL3698644,,100.0,,,,,,,,,,,,,,1.37,REJECT,30.03,CDK2,-10.59,1,CDK2: 8 divergent pocket position(s) supplied by the caller's own ,8,11.1,,,4,,panel_plan_CDK6_CDK2.csv,False,False,0,
CDK6_CDK2__plan,constrained,CDK6,reference,chembl_3,"1-((6-((9-cyclopentyl-9H-pyrido[4',3':4,5]pyrrolo[2,3-d]pyrimidin-2-yl)amino)-3-pyridinyl)methyl)-2-piperazinone",CHEMBL3702128,58300147,,False,O=C1CNCCN1Cc1ccc(Nc2ncc3c4ccncc4n(C4CCCC4)c3n2)nc1,QXZISVGKZJBIFK-UHFFFAOYSA-N,33,442.5,0.49,2.92,False,False,,5L2S,6Q4H,-10.17,-9.67,0.5,0.308,True,12,2,Val101,hbond_acceptor,,,,,2,8,0.2,uniprot_pairwise_alignment,8.57,known,"KNOWN compound - catalogued in PubChem as '1-((6-((9-cyclopentyl-9H-pyrido[4',3':4,5]pyrrolo[2,3-d]pyrimidin-2-yl)amino)",1.0,CHEMBL3702128,,100.0,,,,,,,,,,,,,,1.37,REJECT,15.18,CDK2,-11.18,1,CDK2: 8 divergent pocket position(s) supplied by the caller's own ,8,5.5,,,4,,panel_plan_CDK6_CDK2.csv,False,False,1,
CDK6_CDK2__plan,constrained,CDK6,reference,chembl_4,"9-cycloheptyl-N-(5-piperazin-1-yl-2-pyridinyl)pyrimido[4,5-b]indol-2-amine",CHEMBL3698674,44132743,,False,c1ccc2c(c1)c1cnc(Nc3ccc(N4CCNCC4)cn3)nc1n2C1CCCCCC1,DLOAOZHQATYZNK-UHFFFAOYSA-N,33,441.6,0.433,2.65,False,False,,5L2S,6Q4H,-8.08,-7.29,0.79,0.245,,,,Val101,hbond_acceptor,,,,,,,,uniprot_pairwise_alignment,8.51,known,"KNOWN compound - catalogued in PubChem as '9-cycloheptyl-N-(5-piperazin-1-yl-2-pyridinyl)pyrimido[4,5-b]indol-2-amine'",1.0,CHEMBL3698674,,100.0,,,,,,,,,,,,,,1.37,REJECT,27.75,CDK2,-11.64,1,CDK2: 8 divergent pocket position(s) supplied by the caller's own ,,,,,4,,panel_plan_CDK6_CDK2.csv,False,False,0,
CDK6_CDK2__plan,constrained,CDK6,reference,chembl_5,"8-cyclopentyl-N-[5-[4-(2-methoxyethyl)piperazin-1-yl]-2-pyridinyl]-4,6,8,11-tetrazatricyclo[7.4.0.02,7]trideca-1(9),2,4,6,10,12-hexaen-5-amine",CHEMBL3702050,58299693,,False,COCCN1CCN(c2ccc(Nc3ncc4c5ccncc5n(C5CCCC5)c4n3)nc2)CC1,CXOZYBPVDKRPHI-UHFFFAOYSA-N,35,472.6,0.432,2.78,False,False,,5L2S,6Q4H,-9.02,-9.09,-0.07,0.258,True,10,0,Val101,hbond_acceptor,,,,,1,7,0.125,uniprot_pairwise_alignment,8.31,known,"KNOWN compound - catalogued in PubChem as '8-cyclopentyl-N-[5-[4-(2-methoxyethyl)piperazin-1-yl]-2-pyridinyl]-4,6,8,11-t",1.0,CHEMBL3702050,,100.0,,,,,,,,,,,,,,1.37,REJECT,2.17,CDK2,-9.84,1,CDK2: 8 divergent pocket position(s) supplied by the caller's own ,8,11.4,,,4,,panel_plan_CDK6_CDK2.csv,False,False,0,
CDK6_CDK2__plan,constrained,CDK6,reference,chembl_6,"2-(4-(6-((9-Cyclopentyl-9H-pyrido[4',3':4,5]pyrrolo[2,3-d]pyrimidin-2-yl)amino)-3-pyridinyl)-1-piperazinyl)ethanol",CHEMBL3702096,58299810,,False,OCCN1CCN(c2ccc(Nc3ncc4c5ccncc5n(C5CCCC5)c4n3)nc2)CC1,OXTMSCZUAJMZIC-UHFFFAOYSA-N,34,458.6,0.454,2.79,False,False,,5L2S,6Q4H,-8.84,-9.14,-0.3,0.26,True,8,0,Val101,hbond_acceptor,,,,,1,5,0.167,uniprot_pairwise_alignment,8.31,known,"KNOWN compound - catalogued in PubChem as '2-(4-(6-((9-Cyclopentyl-9H-pyrido[4',3':4,5]pyrrolo[2,3-d]pyrimidin-2-yl)amin",1.0,CHEMBL3702096,,100.0,,,,,,,,,,,,,,1.37,REJECT,0.49,CDK2,-9.66,1,CDK2: 8 divergent pocket position(s) supplied by the caller's own ,8,10.8,,,4,,panel_plan_CDK6_CDK2.csv,False,False,0,
CDK6_CDK2__plan,constrained,CDK6,reference,chembl_7,"8-(2-bicyclo[2.2.1]heptanyl)-N-(5-piperazin-1-yl-2-pyridinyl)-4,6,8,11-tetrazatricyclo[7.4.0.02,7]trideca-1(9),2,4,6,10,12-hexaen-5-amine",CHEMBL3698659,58299701,,False,c1cc2c3cnc(Nc4ccc(N5CCNCC5)cn4)nc3n(C3CC4CCC3C4)c2cn1,BURBSRHEPGFKHA-UHFFFAOYSA-N,33,440.6,0.498,4.55,False,False,,5L2S,6Q4H,-10.2,-9.87,0.33,0.309,True,11,0,Val101,hbond_acceptor,,,,,2,7,0.222,uniprot_pairwise_alignment,8.29,known,"KNOWN compound - catalogued in PubChem as '8-(2-bicyclo[2.2.1]heptanyl)-N-(5-piperazin-1-yl-2-pyridinyl)-4,6,8,11-tetraz",1.0,CHEMBL3698659,,100.0,,,,,,,,,,,,,,1.37,REJECT,16.76,CDK2,-11.26,1,CDK2: 8 divergent pocket position(s) supplied by the caller's own ,8,4.1,,,4,,panel_plan_CDK6_CDK2.csv,False,False,0,
CDK6_CDK2__plan,constrained,CDK6,reference,chembl_8,"4-[5-[(5-Piperazin-1-yl-2-pyridinyl)amino]-4,6,8,11-tetrazatricyclo[7.4.0.02,7]trideca-1(9),2,4,6,10,12-hexaen-8-yl]cyclohexan-1-ol",CHEMBL3971812,58300077,,False,OC1CCC(n2c3cnccc3c3cnc(Nc4ccc(N5CCNCC5)cn4)nc32)CC1,XMWHZKQZVIMLTH-UHFFFAOYSA-N,33,444.5,0.441,2.93,False,False,,5L2S,6Q4H,-9.98,-10.2,-0.22,0.302,True,11,0,Val101,hbond_acceptor,,,,,2,7,0.222,uniprot_pairwise_alignment,8.23,known,"KNOWN compound - catalogued in PubChem as '4-[5-[(5-Piperazin-1-yl-2-pyridinyl)amino]-4,6,8,11-tetrazatricyclo[7.4.0.02,",1.0,CHEMBL3971812,,100.0,,,,,,,,,,,,,,1.37,REJECT,28.42,CDK2,-11.0,1,CDK2: 8 divergent pocket position(s) supplied by the caller's own ,8,2.9,,,4,,panel_plan_CDK6_CDK2.csv,False,False,0,
CDK6_CDK2__plan,constrained,CDK6,reference,chembl_9,"8-cyclopentyl-N-(6-piperazin-1-ylpyridazin-3-yl)-4,6,8,11-tetrazatricyclo[7.4.0.02,7]trideca-1(9),2,4,6,10,12-hexaen-5-amine",CHEMBL3698642,58299921,,False,c1cc2c3cnc(Nc4ccc(N5CCNCC5)nn4)nc3n(C3CCCC3)c2cn1,KLYIOUNPTCQBFR-UHFFFAOYSA-N,31,415.5,0.525,2.85,False,False,,5L2S,6Q4H,-9.84,-9.45,0.39,0.317,True,9,0,Val101,hbond_acceptor,,,,,1,6,0.143,uniprot_pairwise_alignment,8.18,known,"KNOWN compound - catalogued in PubChem as '8-cyclopentyl-N-(6-piperazin-1-ylpyridazin-3-yl)-4,6,8,11-tetrazatricyclo[7.4",1.0,CHEMBL3698642,,100.0,,,,,,,,,,,,,,1.37,REJECT,4.14,CDK2,-11.47,1,CDK2: 8 divergent pocket position(s) supplied by the caller's own ,8,4.0,,,4,,panel_plan_CDK6_CDK2.csv,False,False,0,
CDK6_CDK2__plan,constrained,CDK6,reference,chembl_10,"9-Cyclopentyl-N-(1',2',3',6'-tetrahydro-3,4'-bipyridin-6-yl)-9H-pyrido[4',3':4,5]-pyrrolo[2,3-d]pyrimidin-2-amine",CHEMBL3702158,58300017,,False,C1=C(c2ccc(Nc3ncc4c5ccncc5n(C5CCCC5)c4n3)nc2)CCNC1,DHQTVQLYTCGZPM-UHFFFAOYSA-N,31,411.5,0.51,2.99,False,False,,5L2S,6Q4H,-9.78,-9.88,-0.1,0.315,True,12,0,Val101,hbond_acceptor,,,,,2,7,0.222,uniprot_pairwise_alignment,8.15,known,"KNOWN compound - catalogued in PubChem as '9-Cyclopentyl-N-(1',2',3',6'-tetrahydro-3,4'-bipyridin-6-yl)-9H-pyrido[4',3':",1.0,CHEMBL3702158,,100.0,,,,,,,,,,,,,,1.37,REJECT,22.22,CDK2,-10.8,1,CDK2: 8 divergent pocket position(s) supplied by the caller's own ,8,12.1,,,4,,panel_plan_CDK6_CDK2.csv,False,False,0,
CDK6_CDK2__plan,constrained,CDK6,generated,lead_1,,,,,,CN(C)CCNc1ccc(NC(=S)NC(=O)c2cn(-c3ccccc3)nc2-c2ccccc2)cc1,SZDAERVGGZVDHK-UHFFFAOYSA-N,35,484.6,0.317,2.28,False,True,,5L2S,6Q4H,-8.23,-9.76,-1.53,0.235,True,12,0,Val101,hbond_acceptor,,,,,2,7,0.222,uniprot_pairwise_alignment,,,,,,,,1,O=C(NC(=S)Nc1ccccc1)c1cn(-c2ccccc2)nc1-c1ccccc1,-9.144,0.91,0.91,agent_divergent,0,True,3,undecided,,,no anti-target resolved a dockable pocket - selectivity undecidable,1.37,REJECT,16.02,CDK2,-7.62,1,CDK2: 8 divergent pocket position(s) supplied by the caller's own ,8,10.9,True,0.0,4,,panel_plan_CDK6_CDK2.csv,False,False,0,
CDK6_CDK2__plan,constrained,CDK6,generated_front,lead_1_alt1,,,,,,CNCc1ccccc1-n1cc(C(=O)NC(=S)Nc2ccccc2)c(-c2ccccc2)n1,FVIGQMDXIAIVHW-UHFFFAOYSA-N,32,441.6,0.387,2.22,False,True,,5L2S,,-8.84,,,0.276,True,10,0,Val101,hbond_acceptor,,,,,0,8,0.0,uniprot_pairwise_alignment,,,,,,,,1,O=C(NC(=S)Nc1ccccc1)c1cn(-c2ccccc2)nc1-c1ccccc1,-9.144,,,agent_divergent,1,False,3,,,,,,,,,,,,8,,True,0.0,4,,panel_plan_CDK6_CDK2.csv,False,False,0,"Pareto front member, REDOCKED into the pinned pocket box; no counter dock, so margin is absent by design"
CDK6_CDK2__plan,constrained,CDK6,generated_front,lead_1_alt2,,,,,,CN(C)Cc1ccc(-n2cc(C(=O)NC(=S)Nc3ccccc3)c(-c3ccccc3)n2)cc1,KCCIMWQCTNYOFH-UHFFFAOYSA-N,33,455.6,0.412,2.17,False,True,,5L2S,,-8.68,,,0.263,True,10,0,Val101,hbond_acceptor,,,,,0,6,0.0,uniprot_pairwise_alignment,,,,,,,,1,O=C(NC(=S)Nc1ccccc1)c1cn(-c2ccccc2)nc1-c1ccccc1,-9.144,,,agent_divergent,2,False,3,,,,,,,,,,,,8,,True,0.0,4,,panel_plan_CDK6_CDK2.csv,False,False,0,"Pareto front member, REDOCKED into the pinned pocket box; no counter dock, so margin is absent by design"
CDK6_CDK2__plan,constrained,CDK6,generated,lead_1,,,,,,CN(C)CCNc1ccc(NC(=S)NC(=O)c2cn(-c3cccc(-c4nn[nH]n4)c3)nc2-c2ccccc2)cc1,UAVIEXFTESFSFY-UHFFFAOYSA-N,40,552.7,0.202,2.68,False,True,,5L2S,6Q4H,-8.76,-9.75,-0.99,0.219,True,11,1,His100,acidic,,,,,0,7,0.0,uniprot_pairwise_alignment,,,,,,,,2,O=C(NC(=S)Nc1ccccc1)c1cn(-c2ccccc2)nc1-c1ccccc1,-9.144,-0.53,0.38,agent_divergent,0,True,1,undecided,,,no anti-target resolved a dockable pocket - selectivity undecidable,1.37,REJECT,23.58,CDK2,-8.13,1,CDK2: 8 divergent pocket position(s) supplied by the caller's own ,8,10.7,True,0.0,4,,panel_plan_CDK6_CDK2.csv,False,False,0,
CDK6_CDK2__plan,constrained,CDK6,generated,lead_1,,,,,,CN(C)CCNc1ccc(N(C(=S)NC(=O)c2cn(-c3cccc(-c4nn[nH]n4)c3)nc2-c2ccccc2)C2CC2)cc1,MIFDBGDVNJMZLD-UHFFFAOYSA-N,43,592.7,0.203,2.98,False,True,,5L2S,6Q4H,-8.93,-9.1,-0.17,0.208,True,14,1,Lys26,acidic,,,,,0,10,0.0,uniprot_pairwise_alignment,,,,,,,,3,O=C(NC(=S)Nc1ccccc1)c1cn(-c2ccccc2)nc1-c1ccccc1,-9.144,-0.17,0.21,agent_divergent,0,True,2,undecided,,,no anti-target resolved a dockable pocket - selectivity undecidable,1.37,REJECT,26.67,CDK2,-8.79,1,CDK2: 8 divergent pocket position(s) supplied by the caller's own ,8,26.6,True,0.0,4,,panel_plan_CDK6_CDK2.csv,False,False,0,
CDK6_CDK2__plan,constrained,CDK6,generated_front,lead_1_alt1,,,,,,CN(C)CCNc1ccc(NC(=S)NC(=O)c2cn(-c3ccc(-c4nn[nH]n4)c(-c4nn[nH]n4)c3)nc2-c2ccccc2)cc1,RQJUZEZVYZCCOK-UHFFFAOYSA-N,45,620.7,0.141,3.02,False,True,,5L2S,,-8.93,,,0.198,True,13,1,Lys26,acidic,,,,,1,9,0.1,uniprot_pairwise_alignment,,,,,,,,3,O=C(NC(=S)Nc1ccccc1)c1cn(-c2ccccc2)nc1-c1ccccc1,-9.144,,,agent_divergent,1,False,2,,,,,,,,,,,,8,,True,0.0,4,,panel_plan_CDK6_CDK2.csv,False,False,0,"Pareto front member, REDOCKED into the pinned pocket box; no counter dock, so margin is absent by design"
CDK6_CDK2__plan,constrained,CDK6,generated,lead_1,,,,,,CN(C)CCNc1ccc(N(C(=S)NC(=O)c2cn(-c3cccc(-c4nn[nH]n4)c3)nc2-c2ccccc2)C2CC2)c(N2CCC2)c1,OJXWTAUIKOWMJP-UHFFFAOYSA-N,47,647.8,0.176,3.22,False,True,,5L2S,6Q4H,-9.01,-8.38,0.63,0.192,True,10,0,Glu18,basic,,,,,0,6,0.0,uniprot_pairwise_alignment,,,,,,,,4,O=C(NC(=S)Nc1ccccc1)c1cn(-c2ccccc2)nc1-c1ccccc1,-9.144,-0.08,0.13,agent_divergent,0,True,1,undecided,,,no anti-target resolved a dockable pocket - selectivity undecidable,1.37,REJECT,16.66,CDK2,-8.71,1,CDK2: 8 divergent pocket position(s) supplied by the caller's own ,8,26.5,True,0.0,4,,panel_plan_CDK6_CDK2.csv,False,False,0,
EGFR_T790M__plan,constrained,EGFR,reference,chembl_1,"Pyrrolo[2,3-d]pyrimidin-6-one deriv. 26r",CHEMBL304271,5329246,,False,CCN(CC)CC(O)CNC(=O)c1cc(C)c(/C=C2\C(=O)Nc3ncnc(Nc4ccc(F)c(Cl)c4)c32)[nH]1,CBPCSPAXUJCCML-YVLHZVERSA-N,38,542.0,0.248,3.6,False,True,,6TFV,8A27,-9.59,-9.57,0.02,0.252,True,11,1,Met793,hbond_acceptor,,,,,1,8,0.111,structure_offset +0,9.35,known,"KNOWN compound - catalogued in PubChem as 'Pyrrolo[2,3-d]pyrimidin-6-one deriv. 26r'",1.0,CHEMBL304271,,100.0,,,,,,,,,,,,,,1.37,REJECT,30.04,EGFR (wild type),-9.95,1,"EGFR (wild type): the target's own required mutations reverted, so the counter",1,20.2,,,4,,panel_plan_EGFR_T790M.csv,False,False,0,
EGFR_T790M__plan,constrained,EGFR,reference,chembl_2,"Pyrrolo[2,3-d]pyrimidin-6-one deriv. 26p",CHEMBL69358,5329244,,False,CCN(CC)CCNC(=O)c1cc(C)c(/C=C2\C(=O)Nc3ncnc(Nc4ccc(F)c(Cl)c4)c32)[nH]1,SXQLWNOERMLQGM-VBKFSLOCSA-N,36,512.0,0.32,3.05,False,True,,6TFV,8A27,-9.29,-9.8,-0.51,0.258,True,11,0,Met793,hbond_acceptor,,,,,1,9,0.1,structure_offset +0,8.92,known,"KNOWN compound - catalogued in PubChem as 'Pyrrolo[2,3-d]pyrimidin-6-one deriv. 26p'",1.0,CHEMBL69358,,100.0,,,,,,,,,,,,,,1.37,REJECT,0.58,EGFR (wild type),-9.67,1,"EGFR (wild type): the target's own required mutations reverted, so the counter",1,11.3,,,4,,panel_plan_EGFR_T790M.csv,False,False,0,
EGFR_T790M__plan,constrained,EGFR,reference,chembl_3,"Pyrrolo[2,3-d]pyrimidin-6-one deriv. 28c",CHEMBL67003,5329251,,False,Cc1cc(C(=O)N2CCOCC2)[nH]c1/C=C1\C(=O)Nc2ncnc(Nc3ccc4c(cnn4Cc4ccccc4)c3)c21,MDCWIVYFXQKDOP-HAHDFKILSA-N,42,560.6,0.265,3.11,False,True,,6TFV,8A27,-11.91,-11.79,0.12,0.284,True,13,0,Met793,hbond_acceptor,,,,,1,10,0.091,structure_offset +0,8.74,known,"KNOWN compound - catalogued in PubChem as 'Pyrrolo[2,3-d]pyrimidin-6-one deriv. 28c'",1.0,CHEMBL67003,,100.0,,,,,,,,,,,,,,1.37,REJECT,2.37,EGFR (wild type),-12.45,1,"EGFR (wild type): the target's own required mutations reverted, so the counter",1,7.9,,,4,,panel_plan_EGFR_T790M.csv,False,False,0,
EGFR_T790M__plan,constrained,EGFR,reference,chembl_4,"Pyrrolo[2,3-d]pyrimidin-6-one deriv. 26l",CHEMBL305246,5329240,,False,Cc1cc(C(=O)N2CCN(C)CC2)[nH]c1/C=C1\C(=O)Nc2ncnc(Nc3ccc(F)c(Cl)c3)c21,FNFNGVSJMJREKW-PTNGSMBKSA-N,35,495.9,0.478,2.99,False,True,,6TFV,8A27,-10.89,-10.68,0.21,0.311,True,7,0,Met793,hbond_acceptor,,,,,1,6,0.143,structure_offset +0,8.55,known,"KNOWN compound - catalogued in PubChem as 'Pyrrolo[2,3-d]pyrimidin-6-one deriv. 26l'",1.0,CHEMBL305246,,100.0,,,,,,,,,,,,,,1.37,REJECT,3.97,EGFR (wild type),-11.43,1,"EGFR (wild type): the target's own required mutations reverted, so the counter",1,9.5,,,4,,panel_plan_EGFR_T790M.csv,False,False,0,
EGFR_T790M__plan,constrained,EGFR,reference,chembl_5,"Pyrrolo[2,3-d]pyrimidin-6-one deriv. 28b",CHEMBL67057,5329250,,False,Cc1cc(C(=O)N2CCOCC2)[nH]c1/C=C1\C(=O)Nc2ncnc(Nc3ccc4c(ccn4Cc4ccccc4)c3)c21,CBRVEUABHHKTIL-ULJHMMPZSA-N,42,559.6,0.257,3.08,False,True,,6TFV,8A27,-11.95,-11.7,0.25,0.285,True,12,1,Met793,hbond_acceptor,,,,,1,10,0.091,structure_offset +0,8.35,known,"KNOWN compound - catalogued in PubChem as 'Pyrrolo[2,3-d]pyrimidin-6-one deriv. 28b'",1.0,CHEMBL67057,,100.0,,,,,,,,,,,,,,1.37,REJECT,3.41,EGFR (wild type),-12.49,1,"EGFR (wild type): the target's own required mutations reverted, so the counter",1,5.9,,,4,,panel_plan_EGFR_T790M.csv,False,False,0,
EGFR_T790M__plan,constrained,EGFR,reference,chembl_6,"Pyrrolo[2,3-d]pyrimidin-6-one deriv. 26e",CHEMBL308645,5329233,,False,Cc1cc(CCC(=O)O)[nH]c1/C=C1\C(=O)Nc2ncnc(Nc3ccc(F)c(Cl)c3)c21,QKAUOZDTEZWAOG-JYRVWZFOSA-N,31,441.9,0.426,2.99,False,True,,6TFV,8A27,-10.08,-9.72,0.36,0.325,True,10,2,Met793,hbond_acceptor,,,,,1,8,0.111,structure_offset +0,8.33,known,"KNOWN compound - catalogued in PubChem as 'Pyrrolo[2,3-d]pyrimidin-6-one deriv. 26e'",1.0,CHEMBL308645,,100.0,,,,,,,,,,,,,,1.37,REJECT,1.02,EGFR (wild type),-10.53,1,"EGFR (wild type): the target's own required mutations reverted, so the counter",1,5.5,,,4,,panel_plan_EGFR_T790M.csv,False,False,0,
EGFR_T790M__plan,constrained,EGFR,reference,chembl_7,"Pyrrolo[2,3-d]pyrimidin-6-one deriv. 26h",CHEMBL69629,5329236,,False,Cc1cc(C(=O)NCCN2CCOCC2)[nH]c1/C=C1\C(=O)Nc2ncnc(Nc3ccc(F)c(Cl)c3)c21,OLURIASFBDWIAK-VBKFSLOCSA-N,37,526.0,0.349,3.03,False,True,,6TFV,8A27,-11.11,-10.83,0.28,0.3,True,12,1,Met793,hbond_acceptor,,,,,1,9,0.1,structure_offset +0,8.19,known,"KNOWN compound - catalogued in PubChem as 'Pyrrolo[2,3-d]pyrimidin-6-one deriv. 26h'",1.0,CHEMBL69629,,100.0,,,,,,,,,,,,,,1.37,REJECT,0.63,EGFR (wild type),-11.59,1,"EGFR (wild type): the target's own required mutations reverted, so the counter",1,8.0,,,4,,panel_plan_EGFR_T790M.csv,False,False,0,
EGFR_T790M__plan,constrained,EGFR,reference,chembl_8,,CHEMBL134312,,,False,CN(C)/N=N/c1ccc2ncnc(Nc3cccc(Br)c3)c2c1,BJHHCOYBAMQCLB-QURGRASLSA-N,23,371.2,0.534,2.56,True,True,,6TFV,8A27,-8.21,-8.42,-0.21,0.357,True,9,0,Met793,hbond_acceptor,,,,,1,8,0.111,structure_offset +0,7.96,close_analog,CLOSE ANALOG of a known bioactive (Tanimoto 1.00) - likely not novel; check IP around the scaffold,1.0,CHEMBL134312,,100.0,,,,,,,,,,,,,,1.37,REJECT,1.03,EGFR (wild type),-8.21,1,"EGFR (wild type): the target's own required mutations reverted, so the counter",1,2.7,,,4,,panel_plan_EGFR_T790M.csv,False,False,0,
EGFR_T790M__plan,constrained,EGFR,reference,chembl_9,"Pyrrolo[2,3-d]pyrimidin-6-one deriv. 26o",CHEMBL66570,5329243,,False,CCN1CCN(C(=O)c2cc(C)c(/C=C3\C(=O)Nc4ncnc(Nc5ccc(F)c(Cl)c5)c43)[nH]2)CC1,IKPVHBRKTATKGA-VBKFSLOCSA-N,36,510.0,0.45,2.99,False,True,,6TFV,8A27,-10.93,-11.33,-0.4,0.304,True,10,1,Met793,hbond_acceptor,,,,,1,8,0.111,structure_offset +0,7.89,known,"KNOWN compound - catalogued in PubChem as 'Pyrrolo[2,3-d]pyrimidin-6-one deriv. 26o'",1.0,CHEMBL66570,,100.0,,,,,,,,,,,,,,1.37,REJECT,19.58,EGFR (wild type),-11.44,1,"EGFR (wild type): the target's own required mutations reverted, so the counter",1,9.9,,,4,,panel_plan_EGFR_T790M.csv,False,False,0,
EGFR_T790M__plan,constrained,EGFR,reference,chembl_10,,CHEMBL136491,,,False,CN(C)/N=N/c1ccc2ncnc(Nc3cccc(Cl)c3)c2c1,YTSMRZMCUJMHHR-QURGRASLSA-N,23,326.8,0.562,2.51,True,True,,6TFV,8A27,-8.13,-8.38,-0.25,0.353,True,8,0,Met793,hbond_acceptor,,,,,1,7,0.125,structure_offset +0,7.85,close_analog,CLOSE ANALOG of a known bioactive (Tanimoto 1.00) - likely not novel; check IP around the scaffold,1.0,CHEMBL136491,,100.0,,,,,,,,,,,,,,1.37,REJECT,0.84,EGFR (wild type),-8.13,1,"EGFR (wild type): the target's own required mutations reverted, so the counter",1,0.6,,,4,,panel_plan_EGFR_T790M.csv,False,False,0,
EGFR_T790M__plan,constrained,EGFR,generated,lead_1,,,,,,c1ccc(Nc2ncnc3cccc(C4CCNC4)c23)cc1,SGQXENRCOIICJJ-UHFFFAOYSA-N,22,290.4,0.775,2.7,False,False,,6TFV,8A27,-8.85,-8.95,-0.1,0.402,True,10,1,Met793,hbond_acceptor,,,,,1,9,0.1,structure_offset +0,,,,,,,,1,c1ccc(Nc2ncnc3ccccc23)cc1,-7.662,-1.19,-1.19,agent_conserved,0,True,2,REJECT,0.15,EGFR,"REJECTED - margin over EGFR is only +0.15 kcal/mol, below the required 1.37",1.37,REJECT,1.46,EGFR (wild type),-9.32,1,"EGFR (wild type): the target's own required mutations reverted, so the counter",1,0.2,True,0.0,4,,panel_plan_EGFR_T790M.csv,False,False,0,
EGFR_T790M__plan,constrained,EGFR,generated_front,lead_1_alt1,,,,,,c1ccc(Nc2nc(N3CCCC3)nc3ccccc23)cc1,RFIYUYWUHSMDLU-UHFFFAOYSA-N,22,290.4,0.792,1.84,False,False,,6TFV,,-8.75,,,0.398,True,6,0,Met793,hbond_acceptor,,,,,1,5,0.167,structure_offset +0,,,,,,,,1,c1ccc(Nc2ncnc3ccccc23)cc1,-7.662,,,agent_conserved,1,False,2,,,,,,,,,,,,1,,True,0.0,4,,panel_plan_EGFR_T790M.csv,False,False,0,"Pareto front member, REDOCKED into the pinned pocket box; no counter dock, so margin is absent by design"
EGFR_T790M__plan,constrained,EGFR,generated,lead_1,,,,,,c1ccc(Cc2ccc(C3CCNC3)c3c(Nc4ccccc4)ncnc23)cc1,LTGPJHDLZNQUEI-UHFFFAOYSA-N,29,380.5,0.509,2.86,False,False,,6TFV,8A27,-8.55,-10.12,-1.57,0.295,True,9,0,Met790,hydrophobic,,,,,1,8,0.111,structure_offset +0,,,,,,,,2,c1ccc(Nc2ncnc3ccccc23)cc1,-7.662,0.3,-0.89,agent_divergent,0,True,2,REJECT,-1.12,EGFR,REJECTED - binds anti-target EGFR MORE tightly than EGFR (-1.12 kcal/mol),1.37,REJECT,1.07,EGFR (wild type),-8.96,1,"EGFR (wild type): the target's own required mutations reverted, so the counter",1,8.5,True,0.0,4,,panel_plan_EGFR_T790M.csv,False,False,0,
EGFR_T790M__plan,constrained,EGFR,generated_front,lead_1_alt1,,,,,,N#CC=Cc1ccc(Nc2ncnc3cccc(C4CCNC4)c23)cc1,FIDLHYSJRXAQEZ-UHFFFAOYSA-N,26,341.4,0.702,3.12,False,True,,6TFV,,-8.81,,,0.339,True,9,0,Met790,hydrophobic,,,,,1,7,0.125,structure_offset +0,,,,,,,,2,c1ccc(Nc2ncnc3ccccc23)cc1,-7.662,,,agent_divergent,1,False,2,,,,,,,,,,,,1,,True,0.0,4,,panel_plan_EGFR_T790M.csv,False,False,0,"Pareto front member, REDOCKED into the pinned pocket box; no counter dock, so margin is absent by design"
EGFR_T790M__plan,constrained,EGFR,generated,lead_1,,,,,,CS(=O)(=O)C=Cc1cccc(Cc2ccc(C3CCNC3)c3c(Nc4ccccc4)ncnc23)c1,SQJPNNGARXLLAM-UHFFFAOYSA-N,35,484.6,0.382,3.32,False,False,,6TFV,8A27,-9.03,-10.25,-1.22,0.258,True,10,1,Cys797,covalent,,,,,0,8,0.0,structure_offset +0,,,,,,,,3,c1ccc(Nc2ncnc3ccccc23)cc1,-7.662,-0.48,-1.37,agent_conserved,0,True,2,undecided,,,no anti-target resolved a dockable pocket - selectivity undecidable,1.37,REJECT,8.32,EGFR (wild type),-9.42,1,"EGFR (wild type): the target's own required mutations reverted, so the counter",1,2.0,True,0.0,4,,panel_plan_EGFR_T790M.csv,False,False,0,
EGFR_T790M__plan,constrained,EGFR,generated_front,lead_1_alt1,,,,,,NC(=O)C=Cc1cccc(Cc2ccc(C3CCNC3)c3c(Nc4ccccc4)ncnc23)c1,HEOYYDYFKGKDJI-UHFFFAOYSA-N,34,449.6,0.36,3.22,False,True,,6TFV,,-10.27,,,0.302,True,11,1,Cys797,covalent,,,,,1,10,0.091,structure_offset +0,,,,,,,,3,c1ccc(Nc2ncnc3ccccc23)cc1,-7.662,,,agent_conserved,1,False,2,,,,,,,,,,,,1,,True,0.0,4,,panel_plan_EGFR_T790M.csv,False,False,0,"Pareto front member, REDOCKED into the pinned pocket box; no counter dock, so margin is absent by design"
JAK2_JAK1__plan,constrained,JAK2,reference,chembl_1,Pyridone 6,CHEMBL21156,5494425,,False,CC(C)(C)c1nc2c3ccc(F)cc3c3c(=O)[nH]ccc3c2[nH]1,VNDWQCSOSCCWIP-UHFFFAOYSA-N,23,309.3,0.482,2.72,False,True,,3KRR,4EHZ,-11.37,-10.71,0.66,0.494,True,10,2,Leu932,hbond_acceptor,,,,,1,9,0.1,uniprot_pairwise_alignment,9.0,known,KNOWN compound - catalogued in PubChem as 'Pyridone 6',1.0,CHEMBL21156,,100.0,,,,,,,,,,,,,,1.37,REJECT,0.55,JAK1,-11.37,1,JAK1: 9 divergent pocket position(s) supplied by the caller's own ,9,0.6,,,4,,panel_plan_JAK2_JAK1.csv,False,False,0,
JAK2_JAK1__plan,constrained,JAK2,reference,chembl_2,"2-(3H-imidazo[4,5-c]pyridin-3-yl)-N-((S)-1-phenylethyl)pyrimidin-4-amine",CHEMBL221029,44419491,,False,C[C@H](Nc1ccnc(-n2cnc3ccncc32)n1)c1ccccc1,YBUYQRWPWRYTQG-ZDUSSCGKSA-N,24,316.4,0.625,2.85,False,False,,3KRR,4EHZ,-9.12,-9.45,-0.33,0.38,True,9,0,Leu932,hbond_acceptor,,,,,1,7,0.125,uniprot_pairwise_alignment,8.4,known,"KNOWN compound - catalogued in PubChem as '2-(3H-imidazo[4,5-c]pyridin-3-yl)-N-((S)-1-phenylethyl)pyrimidin-4-amine'",1.0,CHEMBL221029,,100.0,,,,,,,,,,,,,,1.37,REJECT,0.66,JAK1,-10.08,1,JAK1: 9 divergent pocket position(s) supplied by the caller's own ,9,11.7,,,4,,panel_plan_JAK2_JAK1.csv,False,False,0,
JAK2_JAK1__plan,constrained,JAK2,reference,chembl_3,"2-(3H-imidazo[4,5-c]pyridin-3-yl)-N4,N4-dimethyl-N6-((S)-1-phenylethyl)pyrimidine-4,6-diamine",CHEMBL218579,44419559,,False,C[C@H](Nc1cc(N(C)C)nc(-n2cnc3ccncc32)n1)c1ccccc1,HTQVFEXMGNYDLT-AWEZNQCLSA-N,27,359.4,0.588,3.05,False,False,,3KRR,4EHZ,-9.17,-9.75,-0.58,0.34,True,8,0,Leu932,hbond_acceptor,,,,,0,7,0.0,uniprot_pairwise_alignment,8.15,known,"KNOWN compound - catalogued in PubChem as '2-(3H-imidazo[4,5-c]pyridin-3-yl)-N4,N4-dimethyl-N6-((S)-1-phenylethyl)pyrimi",1.0,CHEMBL218579,,100.0,,,,,,,,,,,,,,1.37,REJECT,1.65,JAK1,-10.62,1,JAK1: 9 divergent pocket position(s) supplied by the caller's own ,9,25.1,,,4,,panel_plan_JAK2_JAK1.csv,False,False,0,
JAK2_JAK1__plan,constrained,JAK2,reference,chembl_4,"N-((S)-1-(4-fluorophenyl)ethyl)-2-(3H-imidazo[4,5-c]pyridin-3-yl)pyrimidin-4-amine",CHEMBL221976,44419492,,False,C[C@H](Nc1ccnc(-n2cnc3ccncc32)n1)c1ccc(F)cc1,PPOFTHNFMSSOFB-LBPRGKRZSA-N,25,334.4,0.618,2.92,False,False,,3KRR,4EHZ,-9.3,-9.68,-0.38,0.372,True,9,1,Leu932,hbond_acceptor,,,,,2,7,0.222,uniprot_pairwise_alignment,8.1,known,"KNOWN compound - catalogued in PubChem as 'N-((S)-1-(4-fluorophenyl)ethyl)-2-(3H-imidazo[4,5-c]pyridin-3-yl)pyrimidin-4-",1.0,CHEMBL221976,,100.0,,,,,,,,,,,,,,1.37,REJECT,0.71,JAK1,-10.27,1,JAK1: 9 divergent pocket position(s) supplied by the caller's own ,9,13.3,,,4,,panel_plan_JAK2_JAK1.csv,False,False,0,
JAK2_JAK1__plan,constrained,JAK2,reference,chembl_5,STAUROSPORINE,CHEMBL388978,44259,,False,CN[C@@H]1C[C@H]2O[C@@](C)([C@@H]1OC)n1c3ccccc3c3c4c(c5c6ccccc6n2c5c31)C(=O)NC4,HKSZLNNOFSGOKW-FYTWVXJKSA-N,35,466.5,0.406,4.95,False,False,,3KRR,4EHZ,-10.81,-6.54,4.27,0.309,True,10,0,Leu932,hbond_acceptor,,,,,0,10,0.0,uniprot_pairwise_alignment,7.96,known,KNOWN compound - catalogued in PubChem as 'Staurosporine',1.0,CHEMBL364347,,100.0,,,,,,,,,,,,,,1.37,PASS,2.87,JAK1,-10.81,1,JAK1: 9 divergent pocket position(s) supplied by the caller's own ,9,-0.0,,,4,,panel_plan_JAK2_JAK1.csv,False,False,0,
JAK2_JAK1__plan,constrained,JAK2,reference,chembl_6,TOFACITINIB,CHEMBL221959,9926791,4.0,True,C[C@@H]1CCN(C(=O)CC#N)C[C@@H]1N(C)c1ncnc2[nH]ccc12,UJLAWZDWDVHWOW-YPMHNXCESA-N,23,312.4,0.928,3.67,False,False,,3KRR,4EHZ,-7.87,-7.03,0.84,0.342,True,5,1,Leu932,hbond_acceptor,,,,,0,5,0.0,uniprot_pairwise_alignment,7.96,known,KNOWN compound - catalogued in PubChem as 'Tofacitinib',1.0,CHEMBL221959,TOFACITINIB,100.0,,,,,,,,,,,,,,1.37,REJECT,4.79,JAK1,-8.26,1,JAK1: 9 divergent pocket position(s) supplied by the caller's own ,9,11.7,,,4,,panel_plan_JAK2_JAK1.csv,False,False,0,
JAK2_JAK1__plan,constrained,JAK2,reference,chembl_7,"6-(3,4-dimethoxyphenyl)-2-(3H-imidazo[4,5-c]pyridin-3-yl)-N-((S)-1-phenylethyl)pyrimidin-4-amine",CHEMBL220483,44419524,,False,COc1ccc(-c2cc(N[C@@H](C)c3ccccc3)nc(-n3cnc4ccncc43)n2)cc1OC,QRAUCOBDQSCEDZ-KRWDZBQOSA-N,34,452.5,0.369,2.96,False,False,,3KRR,4EHZ,-9.57,-9.9,-0.33,0.281,True,8,0,Leu932,hbond_acceptor,,,,,1,6,0.143,uniprot_pairwise_alignment,7.92,known,"KNOWN compound - catalogued in PubChem as '6-(3,4-dimethoxyphenyl)-2-(3H-imidazo[4,5-c]pyridin-3-yl)-N-((S)-1-phenylethy",1.0,CHEMBL220483,,100.0,,,,,,,,,,,,,,1.37,REJECT,4.02,JAK1,-10.44,1,JAK1: 9 divergent pocket position(s) supplied by the caller's own ,9,7.8,,,4,,panel_plan_JAK2_JAK1.csv,False,False,0,
JAK2_JAK1__plan,constrained,JAK2,reference,chembl_8,"6-(furan-3-yl)-2-(3H-imidazo[4,5-c]pyridin-3-yl)-N-((S)-1-phenylethyl)pyrimidin-4-amine",CHEMBL222027,44419493,,False,C[C@H](Nc1cc(-c2ccoc2)nc(-n2cnc3ccncc32)n1)c1ccccc1,JGJPJLWZMJEYPN-HNNXBMFYSA-N,29,382.4,0.477,3.14,False,False,,3KRR,4EHZ,-10.34,-10.23,0.11,0.357,True,9,1,Leu932,hbond_acceptor,,,,,0,8,0.0,uniprot_pairwise_alignment,7.8,known,"KNOWN compound - catalogued in PubChem as '6-(furan-3-yl)-2-(3H-imidazo[4,5-c]pyridin-3-yl)-N-((S)-1-phenylethyl)pyrimid",1.0,CHEMBL222027,,100.0,,,,,,,,,,,,,,1.37,REJECT,3.53,JAK1,-11.37,1,JAK1: 9 divergent pocket position(s) supplied by the caller's own ,9,5.1,,,4,,panel_plan_JAK2_JAK1.csv,False,False,0,
JAK2_JAK1__plan,constrained,JAK2,reference,chembl_9,"3-(4-(2-chlorophenoxy)-6-(4-methylpiperazin-1-yl)pyrimidin-2-yl)-3H-imidazo[4,5-c]pyridine",CHEMBL218439,44419475,,False,CN1CCN(c2cc(Oc3ccccc3Cl)nc(-n3cnc4ccncc43)n2)CC1,YVYVYJVBTLPFJU-UHFFFAOYSA-N,30,421.9,0.5,2.63,False,False,,3KRR,4EHZ,-9.34,-9.36,-0.02,0.311,True,11,1,Leu932,hbond_acceptor,,,,,2,9,0.182,uniprot_pairwise_alignment,7.77,known,KNOWN compound - catalogued in PubChem as '3-(4-(2-chlorophenoxy)-6-(4-methylpiperazin-1-yl)pyrimidin-2-yl)-3H-imidazo[4,1.0,CHEMBL218439,,100.0,,,,,,,,,,,,,,1.37,REJECT,16.77,JAK1,-10.32,1,JAK1: 9 divergent pocket position(s) supplied by the caller's own ,9,0.3,,,4,,panel_plan_JAK2_JAK1.csv,False,False,0,
JAK2_JAK1__plan,constrained,JAK2,reference,chembl_10,"4-(2-(3H-imidazo[4,5-c]pyridin-3-yl)-6-((S)-1-phenylethylamino)pyrimidin-4-yl)benzonitrile",CHEMBL374321,44419533,,False,C[C@H](Nc1cc(-c2ccc(C#N)cc2)nc(-n2cnc3ccncc32)n1)c1ccccc1,JMSLZSBXJWSFBI-KRWDZBQOSA-N,32,417.5,0.436,3.0,False,False,,3KRR,4EHZ,-10.0,-10.22,-0.22,0.312,True,9,1,Leu932,hbond_acceptor,,,,,2,6,0.25,uniprot_pairwise_alignment,7.75,known,"KNOWN compound - catalogued in PubChem as '4-(2-(3H-imidazo[4,5-c]pyridin-3-yl)-6-((S)-1-phenylethylamino)pyrimidin-4-yl",1.0,CHEMBL374321,,100.0,,,,,,,,,,,,,,1.37,REJECT,2.29,JAK1,-10.47,1,JAK1: 9 divergent pocket position(s) supplied by the caller's own ,9,6.8,,,4,,panel_plan_JAK2_JAK1.csv,False,False,0,
JAK2_JAK1__plan,constrained,JAK2,generated,lead_1,,,,,,c1ccc(CNc2cc(-c3ccc(N4CCC4)cc3)nc(-n3cnc4ccncc43)n2)cc1,YXIKYAQPOKGBBQ-UHFFFAOYSA-N,33,433.5,0.419,2.48,False,False,,3KRR,4EHZ,-9.72,-9.79,-0.07,0.295,True,10,0,Leu932,hbond_acceptor,,,,,1,8,0.111,uniprot_pairwise_alignment,,,,,,,,1,c1ccc(CNc2cc(-c3ccccc3)nc(-n3cnc4ccncc43)n2)cc1,-9.525,-0.2,-0.2,agent_conserved,0,True,4,REJECT,-0.19,JAK1,REJECTED - binds anti-target JAK1 MORE tightly than JAK2 (-0.19 kcal/mol),1.37,REJECT,0.48,JAK1,-10.64,1,JAK1: 9 divergent pocket position(s) supplied by the caller's own ,9,24.3,True,0.0,4,,panel_plan_JAK2_JAK1.csv,False,False,0,
JAK2_JAK1__plan,constrained,JAK2,generated_front,lead_1_alt1,,,,,,c1ccc(-c2cc(NCc3cccc(C4CCNCC4)c3)nc(-n3cnc4ccncc43)n2)cc1,SLLQKEFRRQNHAF-UHFFFAOYSA-N,35,461.6,0.372,2.71,False,False,,3KRR,,-11.0,,,0.314,True,11,1,Leu932,hbond_acceptor,,,,,1,9,0.1,uniprot_pairwise_alignment,,,,,,,,1,c1ccc(CNc2cc(-c3ccccc3)nc(-n3cnc4ccncc43)n2)cc1,-9.525,,,agent_conserved,1,False,4,,,,,,,,,,,,9,,True,0.0,4,,panel_plan_JAK2_JAK1.csv,False,False,0,"Pareto front member, REDOCKED into the pinned pocket box; no counter dock, so margin is absent by design"
JAK2_JAK1__plan,constrained,JAK2,generated_front,lead_1_alt2,,,,,,c1ccc(-c2cc(NCc3ccccc3C3CNCCN3)nc(-n3cnc4ccncc43)n2)cc1,LOWBHEPRSKNNKZ-UHFFFAOYSA-N,35,462.6,0.354,3.32,False,False,,3KRR,,-10.29,,,0.294,True,8,0,Leu932,hbond_acceptor,,,,,1,7,0.125,uniprot_pairwise_alignment,,,,,,,,1,c1ccc(CNc2cc(-c3ccccc3)nc(-n3cnc4ccncc43)n2)cc1,-9.525,,,agent_conserved,2,False,4,,,,,,,,,,,,9,,True,0.0,4,,panel_plan_JAK2_JAK1.csv,False,False,0,"Pareto front member, REDOCKED into the pinned pocket box; no counter dock, so margin is absent by design"
JAK2_JAK1__plan,constrained,JAK2,generated_front,lead_1_alt3,,,,,,c1ccc(CNc2cc(-c3ccc(N4CCCC4)cc3)nc(-n3cnc4ccncc43)n2)cc1,LWKGNNIIVKASBB-UHFFFAOYSA-N,34,447.5,0.391,2.49,False,False,,3KRR,,-9.81,,,0.289,True,9,0,Leu932,hbond_acceptor,,,,,0,7,0.0,uniprot_pairwise_alignment,,,,,,,,1,c1ccc(CNc2cc(-c3ccccc3)nc(-n3cnc4ccncc43)n2)cc1,-9.525,,,agent_conserved,3,False,4,,,,,,,,,,,,9,,True,0.0,4,,panel_plan_JAK2_JAK1.csv,False,False,0,"Pareto front member, REDOCKED into the pinned pocket box; no counter dock, so margin is absent by design"
JAK2_JAK1__plan,constrained,JAK2,generated,lead_1,,,,,,NC1CCN1c1ccc(-c2cc(NCc3ccccc3)nc(-n3cnc4ccncc43)n2)cc1,LIGLYNVGGPVWFA-UHFFFAOYSA-N,34,448.5,0.405,3.2,False,False,,3KRR,4EHZ,-10.13,-9.88,0.25,0.298,True,9,0,Lys857,acidic,,,,,0,7,0.0,uniprot_pairwise_alignment,,,,,,,,2,c1ccc(CNc2cc(-c3ccccc3)nc(-n3cnc4ccncc43)n2)cc1,-9.525,-0.41,-0.61,agent_divergent,0,True,2,REJECT,0.3,JAK1,"REJECTED - margin over JAK1 is only +0.30 kcal/mol, below the required 1.37",1.37,REJECT,0.88,JAK1,-11.07,1,JAK1: 9 divergent pocket position(s) supplied by the caller's own ,9,25.4,True,0.0,4,,panel_plan_JAK2_JAK1.csv,False,False,0,
JAK2_JAK1__plan,constrained,JAK2,generated_front,lead_1_alt1,,,,,,O=C(Oc1cccc(CNc2cc(-c3ccc(N4CCC4)cc3)nc(-n3cnc4ccncc43)n2)c1)C1CC1,QLFLHWNTPJWQPY-UHFFFAOYSA-N,39,517.6,0.226,2.76,False,True,,3KRR,,-9.7,,,0.249,True,12,0,Lys857,acidic,,,,,0,9,0.0,uniprot_pairwise_alignment,,,,,,,,2,c1ccc(CNc2cc(-c3ccccc3)nc(-n3cnc4ccncc43)n2)cc1,-9.525,,,agent_divergent,1,False,2,,,,,,,,,,,,9,,True,0.0,4,,panel_plan_JAK2_JAK1.csv,False,False,0,"Pareto front member, REDOCKED into the pinned pocket box; no counter dock, so margin is absent by design"
JAK2_JAK1__plan,constrained,JAK2,generated,lead_1,,,,,,NC1CCN1c1ccc(-c2cc(NCc3ccccc3)nc(-n3cnc4ccncc43)n2)cc1N1CCNCC1,UWWDBPBPCDMPRO-UHFFFAOYSA-N,40,532.7,0.29,3.51,False,False,,3KRR,4EHZ,-9.79,-9.81,-0.02,0.245,True,9,1,Asp939,basic,,,,,1,6,0.143,uniprot_pairwise_alignment,,,,,,,,3,c1ccc(CNc2cc(-c3ccccc3)nc(-n3cnc4ccncc43)n2)cc1,-9.525,0.34,-0.26,agent_divergent,0,True,2,undecided,,,no anti-target resolved a dockable pocket - selectivity undecidable,1.37,REJECT,1.25,JAK1,-10.66,1,JAK1: 9 divergent pocket position(s) supplied by the caller's own ,9,17.7,True,0.0,4,,panel_plan_JAK2_JAK1.csv,False,False,0,
JAK2_JAK1__plan,constrained,JAK2,generated_front,lead_1_alt1,,,,,,NC1CCN1c1ccc(-c2cc(NCc3ccccc3)nc(-n3cnc4ccncc43)n2)cc1N1CCCCC1,UPDZQUWFSNIFSC-UHFFFAOYSA-N,40,531.7,0.303,3.42,False,False,,3KRR,,-9.71,,,0.243,True,8,1,Asp939,basic,,,,,2,5,0.286,uniprot_pairwise_alignment,,,,,,,,3,c1ccc(CNc2cc(-c3ccccc3)nc(-n3cnc4ccncc43)n2)cc1,-9.525,,,agent_divergent,1,False,2,,,,,,,,,,,,9,,True,0.0,4,,panel_plan_JAK2_JAK1.csv,False,False,0,"Pareto front member, REDOCKED into the pinned pocket box; no counter dock, so margin is absent by design"
JAK2_JAK1__plan,constrained,JAK2,generated,lead_1,,,,,,NC1CCN1c1c(-c2ccccc2)cc(-c2cc(NCc3ccccc3)nc(-n3cnc4ccncc43)n2)cc1N1CCNCC1,ISKMAMAAZVGXGP-UHFFFAOYSA-N,46,608.8,0.218,3.67,False,False,,3KRR,4EHZ,-11.44,-9.92,1.52,0.249,True,16,1,Tyr931,aromatic,,,,,2,13,0.133,uniprot_pairwise_alignment,,,,,,,,4,c1ccc(CNc2cc(-c3ccccc3)nc(-n3cnc4ccncc43)n2)cc1,-9.525,-1.65,-1.91,agent_divergent,0,True,4,undecided,,,no anti-target resolved a dockable pocket - selectivity undecidable,1.37,PASS,2.04,JAK1,-12.4,1,JAK1: 9 divergent pocket position(s) supplied by the caller's own ,9,6.8,True,0.0,4,,panel_plan_JAK2_JAK1.csv,False,False,0,
JAK2_JAK1__plan,constrained,JAK2,generated_front,lead_1_alt1,,,,,,NC1CCN1c1ccc(-c2cc(NCc3ccccc3)nc(-n3c(-c4cn[nH]c4)nc4ccncc43)n2)cc1N1CCNCC1,YQEUKKISALSBEV-UHFFFAOYSA-N,45,598.7,0.204,3.79,False,False,,3KRR,,-10.79,,,0.24,True,13,2,Tyr931,aromatic,,,,,3,8,0.273,uniprot_pairwise_alignment,,,,,,,,4,c1ccc(CNc2cc(-c3ccccc3)nc(-n3cnc4ccncc43)n2)cc1,-9.525,,,agent_divergent,1,False,4,,,,,,,,,,,,9,,True,0.0,4,,panel_plan_JAK2_JAK1.csv,False,False,0,"Pareto front member, REDOCKED into the pinned pocket box; no counter dock, so margin is absent by design"
JAK2_JAK1__plan,constrained,JAK2,generated_front,lead_1_alt2,,,,,,NC1CCN1c1ccc(-c2cc(NCc3ccccc3)nc(-n3c(-c4cnc[nH]4)nc4ccncc43)n2)cc1N1CCNCC1,KTJQARXIHVHNJP-UHFFFAOYSA-N,45,598.7,0.204,3.81,False,False,,3KRR,,-10.19,,,0.226,True,15,0,Tyr931,aromatic,,,,,2,11,0.154,uniprot_pairwise_alignment,,,,,,,,4,c1ccc(CNc2cc(-c3ccccc3)nc(-n3cnc4ccncc43)n2)cc1,-9.525,,,agent_divergent,2,False,4,,,,,,,,,,,,9,,True,0.0,4,,panel_plan_JAK2_JAK1.csv,False,False,0,"Pareto front member, REDOCKED into the pinned pocket box; no counter dock, so margin is absent by design"
JAK2_JAK1__plan,constrained,JAK2,generated_front,lead_1_alt3,,,,,,NC1CC(c2ccccc2)N1c1ccc(-c2cc(NCc3ccccc3)nc(-n3cnc4ccncc43)n2)cc1N1CCNCC1,HAYNNQMGXGSXLR-UHFFFAOYSA-N,46,608.8,0.216,3.9,False,False,,3KRR,,-10.41,,,0.226,True,14,1,Tyr931,aromatic,,,,,3,9,0.25,uniprot_pairwise_alignment,,,,,,,,4,c1ccc(CNc2cc(-c3ccccc3)nc(-n3cnc4ccncc43)n2)cc1,-9.525,,,agent_divergent,3,False,4,,,,,,,,,,,,9,,True,0.0,4,,panel_plan_JAK2_JAK1.csv,False,False,0,"Pareto front member, REDOCKED into the pinned pocket box; no counter dock, so margin is absent by design"
JAK2_JAK1__plan,constrained,JAK2,generated,lead_1,,,,,,NC1CCN1c1c(-c2ccccc2)cc(-c2cc(NCc3cccc(-c4cn[nH]c4)c3)nc(-n3cnc4ccncc43)n2)cc1N1CCNCC1,ORNGNRKSGXBSIY-UHFFFAOYSA-N,51,674.8,0.156,3.96,False,False,,3KRR,4EHZ,-11.78,,,0.231,True,16,1,Tyr934,aromatic,,,,,1,13,0.071,uniprot_pairwise_alignment,,,,,,,,5,c1ccc(CNc2cc(-c3ccccc3)nc(-n3cnc4ccncc43)n2)cc1,-9.525,-0.34,-2.25,agent_divergent,0,True,2,undecided,,,no anti-target resolved a dockable pocket - selectivity undecidable,1.37,,5.44,JAK1,-12.73,1,JAK1: 9 divergent pocket position(s) supplied by the caller's own ,9,4.6,True,0.0,4,,panel_plan_JAK2_JAK1.csv,False,False,0,
JAK2_JAK1__plan,constrained,JAK2,generated_front,lead_1_alt1,,,,,,NC1CCN1c1c(N2CCNCC2)cc(-c2cc(NCc3ccccc3)nc(-n3cnc4ccncc43)n2)c(-c2c[nH]cn2)c1-c1ccccc1,XDSOWCLSGZZGGH-UHFFFAOYSA-N,51,674.8,0.156,4.12,False,False,,3KRR,,-8.89,,,0.174,True,9,0,Tyr934,aromatic,,,,,2,6,0.25,uniprot_pairwise_alignment,,,,,,,,5,c1ccc(CNc2cc(-c3ccccc3)nc(-n3cnc4ccncc43)n2)cc1,-9.525,,,agent_divergent,1,False,2,,,,,,,,,,,,9,,True,0.0,4,,panel_plan_JAK2_JAK1.csv,False,False,0,"Pareto front member, REDOCKED into the pinned pocket box; no counter dock, so margin is absent by design"
JAK2_JAK1__plan,constrained,JAK2,generated,lead_1,,,,,,CC(C)CC1CNCCN1c1cc(-c2cc(NCc3cccc(-c4cn[nH]c4)c3)nc(-n3cnc4ccncc43)n2)cc(-c2ccccc2)c1N1CCC1N,TYTKSVMNHFGBSU-UHFFFAOYSA-N,55,730.9,0.112,4.43,False,False,,3KRR,4EHZ,-11.4,,,0.207,True,16,1,Ile982,hydrophobic,,,,,2,12,0.143,uniprot_pairwise_alignment,,,,,,,,6,c1ccc(CNc2cc(-c3ccccc3)nc(-n3cnc4ccncc43)n2)cc1,-9.525,0.38,-1.88,agent_divergent,0,True,2,undecided,,,no anti-target resolved a dockable pocket - selectivity undecidable,1.37,,3.74,JAK1,-12.26,1,JAK1: 9 divergent pocket position(s) supplied by the caller's own ,9,10.6,True,0.0,4,,panel_plan_JAK2_JAK1.csv,False,False,0,
JAK2_JAK1__plan,constrained,JAK2,generated_front,lead_1_alt1,,,,,,NC1CCN1c1c(-c2ccccc2)cc(-c2cc(NCc3cccc(-c4cn[nH]c4)c3)nc(-n3cnc4ccncc43)n2)cc1N1CCNCC1C#Cc1ccccc1,QZKXLLDDHDJEQH-UHFFFAOYSA-N,59,774.9,0.115,4.58,False,True,,3KRR,,-11.02,,,0.187,True,12,0,Ile982,hydrophobic,,,,,1,9,0.1,uniprot_pairwise_alignment,,,,,,,,6,c1ccc(CNc2cc(-c3ccccc3)nc(-n3cnc4ccncc43)n2)cc1,-9.525,,,agent_divergent,1,False,2,,,,,,,,,,,,9,,True,0.0,4,,panel_plan_JAK2_JAK1.csv,False,False,0,"Pareto front member, REDOCKED into the pinned pocket box; no counter dock, so margin is absent by design"
JAK2_JAK1__plan,constrained,JAK2,generated,lead_1,,,,,,CC(C)CC1CNCCN1c1cc(-c2cc(NCc3cccc(-c4cn[nH]c4)c3)nc(-n3c(-c4ccsc4)nc4ccncc43)n2)cc(-c2ccccc2)c1N1CCC1N,SUPPSNGWSWMSIQ-UHFFFAOYSA-N,60,813.1,0.095,4.63,False,False,,3KRR,4EHZ,-10.24,,,0.171,True,11,0,Met865,hydrophobic,,,,,3,6,0.333,uniprot_pairwise_alignment,,,,,,,,7,c1ccc(CNc2cc(-c3ccccc3)nc(-n3cnc4ccncc43)n2)cc1,-9.525,1.16,-0.71,agent_divergent,0,True,2,undecided,,,no anti-target resolved a dockable pocket - selectivity undecidable,1.37,,11.22,JAK1,-10.98,1,JAK1: 9 divergent pocket position(s) supplied by the caller's own ,9,18.0,True,0.0,4,,panel_plan_JAK2_JAK1.csv,False,False,0,
JAK2_JAK1__plan,constrained,JAK2,generated_front,lead_1_alt1,,,,,,CC(C)Cc1nc2ccncc2n1-c1nc(NCc2cccc(-c3cn[nH]c3)c2)cc(-c2cc(-c3ccccc3)c(N3CCC3N)c(N3CCNCC3CC(C)C)c2)n1,ROQKNNXYPWXWKQ-UHFFFAOYSA-N,59,787.0,0.091,4.56,False,False,,3KRR,,-9.62,,,0.163,True,11,1,Met865,hydrophobic,,,,,3,6,0.333,uniprot_pairwise_alignment,,,,,,,,7,c1ccc(CNc2cc(-c3ccccc3)nc(-n3cnc4ccncc43)n2)cc1,-9.525,,,agent_divergent,1,False,2,,,,,,,,,,,,9,,False,0.0,4,,panel_plan_JAK2_JAK1.csv,False,False,0,"Pareto front member, REDOCKED into the pinned pocket box; no counter dock, so margin is absent by design"
KRAS_G12C__plan,constrained,KRAS,reference,chembl_1,,CHEMBL3958857,86299895,,False,Nc1nc2c(ncn2[C@@H]2O[C@H](COP(=O)(O)OP(=O)(O)OCCNC(=O)CCl)[C@@H](O)[C@H]2O)c(=O)[nH]1,LYRLHTRLCKSXIV-ZRFIDHNTSA-N,35,562.8,0.088,4.5,False,True,,6OIM,9IAY,-7.42,-8.57,-1.15,0.212,True,12,3,Cys12,covalent,,,,,1,11,0.083,structure_offset +0,8.05,known,KNOWN compound - catalogued in PubChem,1.0,CHEMBL3958857,,100.0,,,,,,,,,,,,,,1.37,REJECT,0.59,KRAS (wild type),-7.42,1,"KRAS (wild type): the target's own required mutations reverted, so the counter",1,24.6,,,4,,panel_plan_KRAS_G12C.csv,False,False,0,
PTGS2_PTGS1__plan,constrained,PTGS2,reference,chembl_1,"3,5-Bis(4-fluorophenyl)-4-azatricyclo[5.2.1.02,6]deca-2,5-diene",CHEMBL143776,9883585,,False,Fc1ccc(-c2[nH]c(-c3ccc(F)cc3)c3c2C2CCC3C2)cc1,BVZXSBMLTOYNIL-UHFFFAOYSA-N,24,321.4,0.596,3.76,False,False,,5KIR,1EQG,-10.25,-6.06,4.19,0.427,True,10,0,Arg120,acidic,,,,,2,8,0.2,uniprot_pairwise_alignment,10.1,known,"KNOWN compound - catalogued in PubChem as '3,5-Bis(4-fluorophenyl)-4-azatricyclo[5.2.1.02,6]deca-2,5-diene'",1.0,CHEMBL143776,,100.0,,,,,,,,,,,,,,1.37,PASS,3.28,PTGS1,-10.24,1,PTGS1: 6 divergent pocket position(s) supplied by the caller's own ,6,0.6,,,4,,panel_plan_PTGS2_PTGS1.csv,False,False,0,
PTGS2_PTGS1__plan,constrained,PTGS2,reference,chembl_2,"3,5-Bis(4-fluorophenyl)-4-azatricyclo[5.2.2.02,6]undeca-2,5-diene",CHEMBL140167,9797804,,False,Fc1ccc(-c2[nH]c(-c3ccc(F)cc3)c3c2C2CCC3CC2)cc1,PJFSTCAIAQWJBR-UHFFFAOYSA-N,25,335.4,0.559,3.0,False,False,,5KIR,1EQG,-9.09,-3.47,5.62,0.364,True,13,0,Arg120,acidic,,,,,2,10,0.167,uniprot_pairwise_alignment,9.92,known,"KNOWN compound - catalogued in PubChem as '3,5-Bis(4-fluorophenyl)-4-azatricyclo[5.2.2.02,6]undeca-2,5-diene'",1.0,CHEMBL140167,,100.0,,,,,,,,,,,,,,1.37,PASS,3.22,PTGS1,-9.09,1,PTGS1: 6 divergent pocket position(s) supplied by the caller's own ,6,1.2,,,4,,panel_plan_PTGS2_PTGS1.csv,False,False,0,
PTGS2_PTGS1__plan,constrained,PTGS2,reference,chembl_3,5-(4-Fluorophenyl)-6-(4-methylsulfonylphenyl)spiro[2.4]hept-5-ene,CHEMBL92154,9851770,,False,CS(=O)(=O)c1ccc(C2=C(c3ccc(F)cc3)CC3(CC3)C2)cc1,VZCIAZMKVAJRCL-UHFFFAOYSA-N,24,342.4,0.809,2.8,False,True,,5KIR,1EQG,-11.38,-5.16,6.22,0.474,True,11,1,Arg120,acidic,,,,,2,9,0.182,uniprot_pairwise_alignment,8.96,known,KNOWN compound - catalogued in PubChem as '5-(4-Fluorophenyl)-6-(4-methylsulfonylphenyl)spiro[2.4]hept-5-ene',1.0,CHEMBL92154,,100.0,,,,,,,,,,,,,,1.37,PASS,4.13,PTGS1,-11.38,1,PTGS1: 6 divergent pocket position(s) supplied by the caller's own ,6,1.3,,,4,,panel_plan_PTGS2_PTGS1.csv,False,False,0,
PTGS2_PTGS1__plan,constrained,PTGS2,reference,chembl_4,1-Methanesulfonyl-4-(3-methylene-2-phenyl-cyclobut-1-enyl)-benzene,CHEMBL91118,9817667,,False,C=C1CC(c2ccc(S(C)(=O)=O)cc2)=C1c1ccccc1,KGOPIJQFLBPLCD-UHFFFAOYSA-N,21,296.4,0.859,2.33,False,True,,5KIR,1EQG,-10.15,-6.07,4.08,0.483,True,8,1,Arg120,acidic,,,,,2,6,0.25,uniprot_pairwise_alignment,8.92,known,KNOWN compound - catalogued in PubChem as '1-Methanesulfonyl-4-(3-methylene-2-phenyl-cyclobut-1-enyl)-benzene',1.0,CHEMBL91118,,100.0,,,,,,,,,,,,,,1.37,PASS,3.47,PTGS1,-10.15,1,PTGS1: 6 divergent pocket position(s) supplied by the caller's own ,6,0.3,,,4,,panel_plan_PTGS2_PTGS1.csv,False,False,0,
PTGS2_PTGS1__plan,constrained,PTGS2,reference,chembl_5,DUP-697,CHEMBL42485,3177,,False,CS(=O)(=O)c1ccc(-c2cc(Br)sc2-c2ccc(F)cc2)cc1,AJFTZWGGHJXZOB-UHFFFAOYSA-N,23,411.3,0.579,2.14,False,False,,5KIR,1EQG,-10.38,-5.36,5.02,0.451,True,11,1,Arg120,acidic,,,,,2,9,0.182,uniprot_pairwise_alignment,8.68,known,KNOWN compound - catalogued in PubChem as '5-Bromo-2-(4-fluorophenyl)-3-(4-(methylsulfonyl)phenyl)thiophene',1.0,CHEMBL42485,DUP-697,100.0,,,,,,,,,,,,,,1.37,PASS,4.07,PTGS1,-10.38,1,PTGS1: 6 divergent pocket position(s) supplied by the caller's own ,6,1.6,,,4,,panel_plan_PTGS2_PTGS1.csv,False,False,0,
PTGS2_PTGS1__plan,constrained,PTGS2,reference,chembl_6,"1-(4,4-Dimethyl-3-methylene-2-phenyl-cyclobut-1-enyl)-4-methanesulfonyl-benzene",CHEMBL92443,18969715,,False,C=C1C(c2ccccc2)=C(c2ccc(S(C)(=O)=O)cc2)C1(C)C,FYNBOGBNIRAUMO-UHFFFAOYSA-N,23,324.4,0.827,2.4,False,True,,5KIR,1EQG,-10.54,-5.59,4.95,0.458,True,10,1,Arg120,acidic,,,,,2,8,0.2,uniprot_pairwise_alignment,8.66,known,"KNOWN compound - catalogued in PubChem as '1-(4,4-Dimethyl-3-methylene-2-phenyl-cyclobut-1-enyl)-4-methanesulfonyl-benze",1.0,CHEMBL92443,,100.0,,,,,,,,,,,,,,1.37,PASS,3.35,PTGS1,-10.55,1,PTGS1: 6 divergent pocket position(s) supplied by the caller's own ,6,0.3,,,4,,panel_plan_PTGS2_PTGS1.csv,False,False,0,
PTGS2_PTGS1__plan,constrained,PTGS2,reference,chembl_7,"3-(4-Methanesulfonyl-phenyl)-4,4-dimethyl-2-phenyl-cyclobut-2-enone",CHEMBL420987,9883822,,False,CC1(C)C(=O)C(c2ccccc2)=C1c1ccc(S(C)(=O)=O)cc1,HRYWWQCLGHKRLN-UHFFFAOYSA-N,23,326.4,0.866,2.21,False,True,,5KIR,1EQG,-10.36,-5.42,4.94,0.45,True,9,1,Arg120,acidic,,,,,2,7,0.222,uniprot_pairwise_alignment,8.55,known,"KNOWN compound - catalogued in PubChem as '3-(4-Methanesulfonyl-phenyl)-4,4-dimethyl-2-phenyl-cyclobut-2-enone'",1.0,CHEMBL420987,,100.0,,,,,,,,,,,,,,1.37,PASS,3.41,PTGS1,-10.36,1,PTGS1: 6 divergent pocket position(s) supplied by the caller's own ,6,1.0,,,4,,panel_plan_PTGS2_PTGS1.csv,False,False,0,
PTGS2_PTGS1__plan,constrained,PTGS2,reference,chembl_8,"2-(4-Fluoro-phenyl)-3-(4-methanesulfonyl-phenyl)-4,4-dimethyl-cyclobut-2-enone",CHEMBL91832,18969710,,False,CC1(C)C(=O)C(c2ccc(F)cc2)=C1c1ccc(S(C)(=O)=O)cc1,BIKVSCVPZGXPRO-UHFFFAOYSA-N,24,344.4,0.852,2.28,False,True,,5KIR,1EQG,-10.59,-4.99,5.6,0.441,True,11,1,Arg120,acidic,,,,,2,9,0.182,uniprot_pairwise_alignment,8.3,known,"KNOWN compound - catalogued in PubChem as '2-(4-Fluoro-phenyl)-3-(4-methanesulfonyl-phenyl)-4,4-dimethyl-cyclobut-2-enon",1.0,CHEMBL91832,,100.0,,,,,,,,,,,,,,1.37,PASS,3.43,PTGS1,-10.58,1,PTGS1: 6 divergent pocket position(s) supplied by the caller's own ,6,1.0,,,4,,panel_plan_PTGS2_PTGS1.csv,False,False,0,
PTGS2_PTGS1__plan,constrained,PTGS2,reference,chembl_9,INDOMETHACIN,CHEMBL6,3715,4.0,True,COc1ccc2c(c1)c(CC(=O)O)c(C)n2C(=O)c1ccc(Cl)cc1,CGIGDMFJXJATDK-UHFFFAOYSA-N,25,357.8,0.768,2.08,False,False,,5KIR,1EQG,-8.68,-5.27,3.41,0.347,True,13,0,Arg120,acidic,,,,,2,9,0.182,uniprot_pairwise_alignment,8.23,known,KNOWN compound - catalogued in PubChem as 'Indomethacin',1.0,CHEMBL4590319,,100.0,,,,,,,,,,,,,,1.37,PASS,2.85,PTGS1,-9.08,1,PTGS1: 6 divergent pocket position(s) supplied by the caller's own ,6,3.0,,,4,,panel_plan_PTGS2_PTGS1.csv,False,False,0,
PTGS2_PTGS1__plan,constrained,PTGS2,reference,chembl_10,4-(2-(4-fluorophenyl)-1H-pyrrol-1-yl)benzenesulfonamide,CHEMBL43511,10471014,,False,NS(=O)(=O)c1ccc(-n2cccc2-c2ccc(F)cc2)cc1,GOJNWJGEIYVWOM-UHFFFAOYSA-N,22,316.4,0.807,2.02,False,False,,5KIR,1EQG,-10.65,-6.25,4.4,0.484,True,9,1,Arg120,acidic,,,,,1,8,0.111,uniprot_pairwise_alignment,7.85,known,KNOWN compound - catalogued in PubChem as '4-(2-(4-fluorophenyl)-1H-pyrrol-1-yl)benzenesulfonamide',1.0,CHEMBL43511,,100.0,,,,,,,,,,,,,,1.37,PASS,4.11,PTGS1,-10.65,1,PTGS1: 6 divergent pocket position(s) supplied by the caller's own ,6,0.0,,,4,,panel_plan_PTGS2_PTGS1.csv,False,False,0,
PTGS2_PTGS1__plan,constrained,PTGS2,generated,lead_1,,,,,,NS(=O)(=O)c1cccc(-c2cccn2-c2ccccc2)c1,HXLSNEVIDHVNTO-UHFFFAOYSA-N,21,298.4,0.808,2.02,False,False,,5KIR,1EQG,-8.44,-7.67,0.77,0.402,True,9,0,Arg513,acidic,,,,,1,8,0.111,uniprot_pairwise_alignment,,,,,,,,1,c1ccc(-c2cccn2-c2ccccc2)cc1,-8.72,0.28,0.28,agent_divergent,0,True,3,PASS,3.09,PTGS1,prefers PTGS2 over every anti-target by >= 1.37 kcal/mol (worst: PTGS1 at +3.09),1.37,REJECT,4.3,PTGS1,-8.44,1,PTGS1: 6 divergent pocket position(s) supplied by the caller's own ,6,0.7,True,0.0,4,,panel_plan_PTGS2_PTGS1.csv,False,False,0,
PTGS2_PTGS1__plan,constrained,PTGS2,generated_front,lead_1_alt1,,,,,,O=CCc1cc(-c2ccccc2)n(-c2ccccc2)c1,NDZVIJWRSAEVAJ-UHFFFAOYSA-N,20,261.3,0.653,2.23,False,True,,5KIR,,-9.44,,,0.472,True,6,0,Arg513,acidic,,,,,1,5,0.167,uniprot_pairwise_alignment,,,,,,,,1,c1ccc(-c2cccn2-c2ccccc2)cc1,-8.72,,,agent_divergent,1,False,3,,,,,,,,,,,,6,,True,0.0,4,,panel_plan_PTGS2_PTGS1.csv,False,False,0,"Pareto front member, REDOCKED into the pinned pocket box; no counter dock, so margin is absent by design"
PTGS2_PTGS1__plan,constrained,PTGS2,generated_front,lead_1_alt2,,,,,,Nc1ccccc1-c1cccn1-c1ccccc1,ZIBFPNVQJCARHR-UHFFFAOYSA-N,18,234.3,0.673,1.94,False,True,,5KIR,,-8.55,,,0.475,True,7,0,Arg513,acidic,,,,,1,6,0.143,uniprot_pairwise_alignment,,,,,,,,1,c1ccc(-c2cccn2-c2ccccc2)cc1,-8.72,,,agent_divergent,2,False,3,,,,,,,,,,,,6,,True,0.0,4,,panel_plan_PTGS2_PTGS1.csv,False,False,0,"Pareto front member, REDOCKED into the pinned pocket box; no counter dock, so margin is absent by design"
PTGS2_PTGS1__plan,constrained,PTGS2,generated,lead_1,,,,,,Cc1ccc(-n2cccc2-c2cccc(S(N)(=O)=O)c2)cc1,PTHCJPVAKJHAIW-UHFFFAOYSA-N,22,312.4,0.807,2.07,False,False,,5KIR,1EQG,-9.04,-6.75,2.29,0.411,True,8,0,Val523,hydrophobic,,,,,1,7,0.125,uniprot_pairwise_alignment,,,,,,,,2,c1ccc(-c2cccn2-c2ccccc2)cc1,-8.72,-0.6,-0.32,agent_divergent,0,True,3,PASS,3.46,PTGS1,prefers PTGS2 over every anti-target by >= 1.37 kcal/mol (worst: PTGS1 at +3.46),1.37,PASS,4.55,PTGS1,-9.04,1,PTGS1: 6 divergent pocket position(s) supplied by the caller's own ,6,0.8,True,0.0,4,,panel_plan_PTGS2_PTGS1.csv,False,False,0,
PTGS2_PTGS1__plan,constrained,PTGS2,generated_front,lead_1_alt1,,,,,,NS(=O)(=O)c1cccc(-c2cccn2-c2ccccc2F)c1,VAXMRKUJHMUNTJ-UHFFFAOYSA-N,22,316.4,0.807,2.12,False,False,,5KIR,,-8.57,,,0.39,True,9,1,Val523,hydrophobic,,,,,3,6,0.333,uniprot_pairwise_alignment,,,,,,,,2,c1ccc(-c2cccn2-c2ccccc2)cc1,-8.72,,,agent_divergent,1,False,3,,,,,,,,,,,,6,,True,0.0,4,,panel_plan_PTGS2_PTGS1.csv,False,False,0,"Pareto front member, REDOCKED into the pinned pocket box; no counter dock, so margin is absent by design"
PTGS2_PTGS1__plan,constrained,PTGS2,generated_front,lead_1_alt2,,,,,,Cc1ccccc1-n1cccc1-c1cccc(S(N)(=O)=O)c1,QGVUAZTZUICLAQ-UHFFFAOYSA-N,22,312.4,0.807,2.09,False,False,,5KIR,,-7.96,,,0.362,True,11,2,Val523,hydrophobic,,,,,3,8,0.273,uniprot_pairwise_alignment,,,,,,,,2,c1ccc(-c2cccn2-c2ccccc2)cc1,-8.72,,,agent_divergent,2,False,3,,,,,,,,,,,,6,,True,0.0,4,,panel_plan_PTGS2_PTGS1.csv,False,False,0,"Pareto front member, REDOCKED into the pinned pocket box; no counter dock, so margin is absent by design"
PTGS2_PTGS1__plan,constrained,PTGS2,generated,lead_1,,,,,,Cc1ccc(-n2cccc2-c2cccc(S(N)(=O)=O)c2)cc1Cc1ccccc1,HNYWVLUOFVDKPE-UHFFFAOYSA-N,29,402.5,0.526,2.25,False,False,,5KIR,1EQG,-7.5,-5.24,2.26,0.259,True,13,1,His351,aromatic,,,,,2,8,0.2,uniprot_pairwise_alignment,,,,,,,,3,c1ccc(-c2cccn2-c2ccccc2)cc1,-8.72,1.54,1.22,agent_divergent,0,True,2,PASS,1.47,PTGS1,prefers PTGS2 over every anti-target by >= 1.37 kcal/mol (worst: PTGS1 at +1.47),1.37,PASS,5.82,PTGS1,-7.5,1,PTGS1: 6 divergent pocket position(s) supplied by the caller's own ,6,7.6,True,0.0,4,,panel_plan_PTGS2_PTGS1.csv,False,False,0,
PTGS2_PTGS1__plan,constrained,PTGS2,generated_front,lead_1_alt1,,,,,,Cc1ccc(-n2cccc2-c2cccc(S(N)(=O)=O)c2)cc1-c1cnc[nH]1,FJWUZMCYHIBQCZ-UHFFFAOYSA-N,27,378.5,0.569,2.61,False,False,,5KIR,,-8.58,,,0.318,True,14,2,His351,aromatic,,,,,1,12,0.077,uniprot_pairwise_alignment,,,,,,,,3,c1ccc(-c2cccn2-c2ccccc2)cc1,-8.72,,,agent_divergent,1,False,2,,,,,,,,,,,,6,,True,0.0,4,,panel_plan_PTGS2_PTGS1.csv,False,False,0,"Pareto front member, REDOCKED into the pinned pocket box; no counter dock, so margin is absent by design"
PTGS2_PTGS1__plan,constrained,PTGS2,generated,lead_1,,,,,,Cc1ccc(-n2cccc2-c2cccc(S(=O)(=O)NCl)c2)cc1Cc1ccccc1,RATXGCVBSAZWPK-UHFFFAOYSA-N,30,437.0,0.407,2.49,False,True,,5KIR,1EQG,-7.17,-6.0,1.17,0.239,True,18,2,Ala516,hydrophobic,,,,,3,11,0.214,uniprot_pairwise_alignment,,,,,,,,4,c1ccc(-c2cccn2-c2ccccc2)cc1,-8.72,0.33,1.55,agent_divergent,0,True,1,REJECT,0.74,PTGS1,"REJECTED - margin over PTGS1 is only +0.74 kcal/mol, below the required 1.37",1.37,REJECT,8.73,PTGS1,-7.18,1,PTGS1: 6 divergent pocket position(s) supplied by the caller's own ,6,9.8,True,0.0,4,,panel_plan_PTGS2_PTGS1.csv,False,False,0,
PTGS2_PTGS1__plan,constrained,PTGS2,generated,lead_1,,,,,,Cc1c(F)cc(-n2cccc2-c2cccc(S(=O)(=O)NCl)c2)cc1Cc1ccccc1,BEYCUPMIWLMLDS-UHFFFAOYSA-N,31,455.0,0.385,2.66,False,True,,5KIR,1EQG,-7.1,-6.78,0.32,0.229,True,18,2,Val525,hydrophobic,,,,,3,11,0.214,uniprot_pairwise_alignment,,,,,,,,5,c1ccc(-c2cccn2-c2ccccc2)cc1,-8.72,0.07,1.62,agent_divergent,0,True,3,REJECT,0.53,PTGS1,"REJECTED - margin over PTGS1 is only +0.53 kcal/mol, below the required 1.37",1.37,REJECT,8.95,PTGS1,-7.1,1,PTGS1: 6 divergent pocket position(s) supplied by the caller's own ,6,7.2,True,0.0,4,,panel_plan_PTGS2_PTGS1.csv,False,False,0,
PTGS2_PTGS1__plan,constrained,PTGS2,generated_front,lead_1_alt1,,,,,,Cc1cccc(Cc2cc(-n3cccc3-c3cccc(S(=O)(=O)NCl)c3)ccc2C)c1,OATGLQRHZWZNBR-UHFFFAOYSA-N,31,451.0,0.378,2.58,False,True,,5KIR,,-7.1,,,0.229,True,18,0,Val525,hydrophobic,,,,,1,14,0.067,uniprot_pairwise_alignment,,,,,,,,5,c1ccc(-c2cccn2-c2ccccc2)cc1,-8.72,,,agent_divergent,1,False,3,,,,,,,,,,,,6,,False,0.0,4,,panel_plan_PTGS2_PTGS1.csv,False,False,0,"Pareto front member, REDOCKED into the pinned pocket box; no counter dock, so margin is absent by design"
PTGS2_PTGS1__plan,constrained,PTGS2,generated_front,lead_1_alt2,,,,,,Cc1cc(-n2cccc2-c2cccc(S(=O)(=O)NCl)c2)cc(Cc2ccccc2)c1C,SAQLURBJVRKRME-UHFFFAOYSA-N,31,451.0,0.378,2.62,False,True,,5KIR,,-6.91,,,0.223,True,19,2,Val525,hydrophobic,,,,,3,12,0.2,uniprot_pairwise_alignment,,,,,,,,5,c1ccc(-c2cccn2-c2ccccc2)cc1,-8.72,,,agent_divergent,2,False,3,,,,,,,,,,,,6,,True,0.0,4,,panel_plan_PTGS2_PTGS1.csv,False,False,0,"Pareto front member, REDOCKED into the pinned pocket box; no counter dock, so margin is absent by design"
PTGS2_PTGS1__plan,constrained,PTGS2,generated,lead_1,,,,,,Cc1c(F)cc(-n2cccc2-c2cccc(S(=O)(=O)NCl)c2)cc1Cc1ccc(F)cc1,IKPYBEAZQHHTPY-UHFFFAOYSA-N,32,472.9,0.363,2.72,False,True,,5KIR,1EQG,-7.59,-7.09,0.5,0.237,True,18,2,Arg513,hbond_acceptor,,,,,3,11,0.214,uniprot_pairwise_alignment,,,,,,,,6,c1ccc(-c2cccn2-c2ccccc2)cc1,-8.72,-0.49,1.13,agent_divergent,0,True,1,REJECT,0.98,PTGS1,"REJECTED - margin over PTGS1 is only +0.98 kcal/mol, below the required 1.37",1.37,REJECT,8.99,PTGS1,-7.58,1,PTGS1: 6 divergent pocket position(s) supplied by the caller's own ,6,7.1,True,0.0,4,,panel_plan_PTGS2_PTGS1.csv,False,False,0,
KRAS_G12C__anchor,constrained,KRAS,reference,chembl_1,,CHEMBL3958857,86299895,,False,Nc1nc2c(ncn2[C@@H]2O[C@H](COP(=O)(O)OP(=O)(O)OCCNC(=O)CCl)[C@@H](O)[C@H]2O)c(=O)[nH]1,LYRLHTRLCKSXIV-ZRFIDHNTSA-N,35,562.8,0.088,4.5,False,True,,6OIM,9IAY,-7.55,-8.82,-1.27,0.216,True,11,4,Cys12,covalent,,,,,1,10,0.091,,8.05,known,KNOWN compound - catalogued in PubChem,1.0,CHEMBL3958857,,100.0,,,,,,,,,,,,,,,,,,,,,1,,,,4,,panel_selanchor_KRAS_G12C_CDK6_CDK2.csv,False,False,0,
KRAS_G12C__anchor,constrained,KRAS,reference,chembl_2,"1-(3,3-Dimethylbutyl)-3-[2-fluoro-4-methyl-5-[2-(methylamino)pyrido[2,3-d]pyrimidin-6-yl]phenyl]urea",CHEMBL3577123,89814000,,False,CNc1ncc2cc(-c3cc(NC(=O)NCCC(C)(C)C)c(F)cc3C)cnc2n1,JZBKPHTXKRZFGY-UHFFFAOYSA-N,30,410.5,0.565,2.76,False,False,,6OIM,9IAY,-7.64,-9.38,-1.74,0.255,True,9,0,Cys12,covalent,,,,,1,7,0.125,,7.8,known,"KNOWN compound - catalogued in PubChem as '1-(3,3-Dimethylbutyl)-3-[2-fluoro-4-methyl-5-[2-(methylamino)pyrido[2,3-d]pyr",1.0,CHEMBL3577123,,100.0,,,,,,,,,,,,,,,,,,,,,1,,,,4,,panel_selanchor_KRAS_G12C_CDK6_CDK2.csv,False,False,0,
KRAS_G12C__anchor,constrained,KRAS,reference,chembl_3,Ac-Arg-Arg-Arg-Arg-Cys(1)-Pro-Leu-Tyr-Ile-Ser-Tyr-Asp-Pro-Val-Cys(1)-Arg-Arg-Arg-Arg-NH2,CHEMBL4072295,137639750,,False,CC[C@H](C)[C@@H]1NC(=O)[C@H](Cc2ccc(O)cc2)NC(=O)[C@H](CC(C)C)NC(=O)[C@@H]2CCCN2C(=O)[C@@H](NC(=O)[C@H](CCCNC(=N)N)NC(=O)[C@H](CCCNC(=N)N)NC(=O)[C@H](CCCNC(=N)N)NC(=O)[C@H](CCCNC(=N)N)NC(C)=O)CSSC[C@@H](C(=O)N[C@@H](CCCNC(=N)N)C(=O)N[C@@H](CCCNC(=N)N)C(=O)N[C@@H](CCCNC(=N)N)C(=O)N[C@@H](CCCNC(=N)N)C(N)=O)NC(=O)[C@H](C(C)C)NC(=O)[C@@H]2CCCN2C(=O)[C@H](CC(=O)O)NC(=O)[C@H](Cc2ccc(O)cc2)NC(=O)[C@H](CO)NC1=O,SVUZBYDIXUMDGY-WVEXBLHFSA-N,179,2561.1,0.013,8.94,False,True,,6OIM,9IAY,,,,,,,,Cys12,covalent,,,,,,,,,7.38,known,KNOWN compound - catalogued in PubChem as 'Ac-Arg-Arg-Arg-Arg-Cys(1)-Pro-Leu-Tyr-Ile-Ser-Tyr-Asp-Pro-Val-Cys(1)-Arg-Arg-,1.0,CHEMBL5189659,,100.0,,,,,,,,,,,,,,,,,,,,,,,,,4,,panel_selanchor_KRAS_G12C_CDK6_CDK2.csv,False,True,19,
KRAS_G12C__anchor,constrained,KRAS,reference,chembl_4,"1-(3,3-Dimethylbutyl)-3-[2-fluoro-5-[2-methyl-7-(methylamino)-1,6-naphthyridin-3-yl]phenyl]urea",CHEMBL3577120,71736390,,False,CNc1cc2nc(C)c(-c3ccc(F)c(NC(=O)NCCC(C)(C)C)c3)cc2cn1,MIKNQZDKGNLBRE-UHFFFAOYSA-N,30,409.5,0.531,2.63,False,False,,6OIM,9IAY,-9.66,-8.49,1.17,0.322,True,12,0,Cys12,covalent,,,,,1,8,0.111,,7.34,known,"KNOWN compound - catalogued in PubChem as '1-(3,3-Dimethylbutyl)-3-[2-fluoro-5-[2-methyl-7-(methylamino)-1,6-naphthyridi",1.0,CHEMBL3577120,,100.0,,,,,,,,,,,,,,,,,,,,,1,,,,4,,panel_selanchor_KRAS_G12C_CDK6_CDK2.csv,False,False,0,
KRAS_G12C__anchor,constrained,KRAS,reference,chembl_5,"1-(3,3-Dimethylbutyl)-3-[2-fluoro-5-[7-methyl-2-(methylamino)pyrido[2,3-d]pyrimidin-6-yl]phenyl]urea",CHEMBL3577119,71730951,,False,CNc1ncc2cc(-c3ccc(F)c(NC(=O)NCCC(C)(C)C)c3)c(C)nc2n1,MWMSJCLJVPGLKV-UHFFFAOYSA-N,30,410.5,0.565,2.7,False,False,,6OIM,9IAY,-9.56,-8.54,1.02,0.319,True,10,0,Cys12,covalent,,,,,1,7,0.125,,7.32,known,"KNOWN compound - catalogued in PubChem as '1-(3,3-Dimethylbutyl)-3-[2-fluoro-5-[7-methyl-2-(methylamino)pyrido[2,3-d]pyr",1.0,CHEMBL3577119,,100.0,,,,,,,,,,,,,,,,,,,,,1,,,,4,,panel_selanchor_KRAS_G12C_CDK6_CDK2.csv,False,False,0,
KRAS_G12C__anchor,constrained,KRAS,reference,chembl_6,Ac-Arg-Arg-Arg-Arg-Cys(1)-Pro-Leu-Ala-Ile-Ser-Tyr-Asp-Pro-Val-Cys(1)-Arg-Arg-Arg-Arg-NH2,CHEMBL4063829,137636907,,False,CC[C@H](C)[C@@H]1NC(=O)[C@H](C)NC(=O)[C@H](CC(C)C)NC(=O)[C@@H]2CCCN2C(=O)[C@@H](NC(=O)[C@H](CCCNC(=N)N)NC(=O)[C@H](CCCNC(=N)N)NC(=O)[C@H](CCCNC(=N)N)NC(=O)[C@H](CCCNC(=N)N)NC(C)=O)CSSC[C@@H](C(=O)N[C@@H](CCCNC(=N)N)C(=O)N[C@@H](CCCNC(=N)N)C(=O)N[C@@H](CCCNC(=N)N)C(=O)N[C@@H](CCCNC(=N)N)C(N)=O)NC(=O)[C@H](C(C)C)NC(=O)[C@@H]2CCCN2C(=O)[C@H](CC(=O)O)NC(=O)[C@H](Cc2ccc(O)cc2)NC(=O)[C@H](CO)NC1=O,ASKOIVCPTUCUMC-NLCBULRISA-N,172,2469.0,0.012,8.85,False,True,,6OIM,9IAY,,,,,,,,Cys12,covalent,,,,,,,,,7.28,known,KNOWN compound - catalogued in PubChem as 'Ac-Arg-Arg-Arg-Arg-Cys(1)-Pro-Leu-Ala-Ile-Ser-Tyr-Asp-Pro-Val-Cys(1)-Arg-Arg-,1.0,CHEMBL4063829,,100.0,,,,,,,,,,,,,,,,,,,,,,,,,4,,panel_selanchor_KRAS_G12C_CDK6_CDK2.csv,False,True,19,
KRAS_G12C__anchor,constrained,KRAS,reference,chembl_7,"1-(3-tert-butyl-1,2-oxazol-5-yl)-3-[2-fluoro-5-[7-(methylamino)-2-oxo-1-[(3S)-oxolan-3-yl]-1,6-naphthyridin-3-yl]phenyl]urea",CHEMBL3577114,122177477,,False,CNc1cc2c(cn1)cc(-c1ccc(F)c(NC(=O)Nc3cc(C(C)(C)C)no3)c1)c(=O)n2[C@H]1CCOC1,BIYLXMSIYSWZMT-KRWDZBQOSA-N,38,520.6,0.333,3.55,False,False,,6OIM,9IAY,-10.98,-9.66,1.32,0.289,True,13,1,Cys12,covalent,,,,,1,8,0.111,,7.24,known,"KNOWN compound - catalogued in PubChem as '1-(3-tert-butyl-1,2-oxazol-5-yl)-3-[2-fluoro-5-[7-(methylamino)-2-oxo-1-[(3S)",1.0,CHEMBL4280843,,100.0,,,,,,,,,,,,,,,,,,,,,1,,,,4,,panel_selanchor_KRAS_G12C_CDK6_CDK2.csv,False,False,0,
KRAS_G12C__anchor,constrained,KRAS,reference,chembl_8,Ac-D-Arg-Arg-Arg-Arg-Cys(1)-Pro-Leu-Tyr-Ile-Ser-Tyr-Asp-Pro-Val-Cys(1)-Arg-Arg-Arg-D-Arg-NH2,CHEMBL4082777,137645102,,False,CC[C@H](C)[C@@H]1NC(=O)[C@H](Cc2ccc(O)cc2)NC(=O)[C@H](CC(C)C)NC(=O)[C@@H]2CCCN2C(=O)[C@@H](NC(=O)[C@H](CCCNC(=N)N)NC(=O)[C@H](CCCNC(=N)N)NC(=O)[C@H](CCCNC(=N)N)NC(=O)[C@@H](CCCNC(=N)N)NC(C)=O)CSSC[C@@H](C(=O)N[C@@H](CCCNC(=N)N)C(=O)N[C@@H](CCCNC(=N)N)C(=O)N[C@@H](CCCNC(=N)N)C(=O)N[C@H](CCCNC(=N)N)C(N)=O)NC(=O)[C@H](C(C)C)NC(=O)[C@@H]2CCCN2C(=O)[C@H](CC(=O)O)NC(=O)[C@H](Cc2ccc(O)cc2)NC(=O)[C@H](CO)NC1=O,SVUZBYDIXUMDGY-LGNRGEMCSA-N,179,2561.1,0.013,8.94,False,True,,6OIM,9IAY,,,,,,,,Cys12,covalent,,,,,,,,,7.09,known,KNOWN compound - catalogued in PubChem as 'Ac-D-Arg-Arg-Arg-Arg-Cys(1)-Pro-Leu-Tyr-Ile-Ser-Tyr-Asp-Pro-Val-Cys(1)-Arg-Ar,1.0,CHEMBL5189659,,100.0,,,,,,,,,,,,,,,,,,,,,,,,,4,,panel_selanchor_KRAS_G12C_CDK6_CDK2.csv,False,True,19,
KRAS_G12C__anchor,constrained,KRAS,reference,chembl_9,"1-(3-Tert-butyl-1,2-oxazol-5-yl)-3-[5-[1-ethyl-7-(methylamino)-2-oxo-1,6-naphthyridin-3-yl]-2-fluorophenyl]urea",CHEMBL3577115,69037249,,False,CCn1c(=O)c(-c2ccc(F)c(NC(=O)Nc3cc(C(C)(C)C)no3)c2)cc2cnc(NC)cc21,BWWSAKOFIQJSSK-UHFFFAOYSA-N,35,478.5,0.364,2.9,False,False,,6OIM,9IAY,-10.4,-9.78,0.62,0.297,True,12,0,Cys12,covalent,,,,,1,9,0.1,,7.04,known,"KNOWN compound - catalogued in PubChem as '1-(3-Tert-butyl-1,2-oxazol-5-yl)-3-[5-[1-ethyl-7-(methylamino)-2-oxo-1,6-naph",1.0,CHEMBL3577115,,100.0,,,,,,,,,,,,,,,,,,,,,1,,,,4,,panel_selanchor_KRAS_G12C_CDK6_CDK2.csv,False,False,0,
KRAS_G12C__anchor,constrained,KRAS,reference,chembl_10,Ac-Arg-Arg-Arg-Arg-Cys(1)-Pro-Leu-Tyr-Ile-Ser-Tyr-Asp-Pro-Ala-Cys(1)-Arg-Arg-Arg-Arg-NH2,CHEMBL4070657,137639238,,False,CC[C@H](C)[C@@H]1NC(=O)[C@H](Cc2ccc(O)cc2)NC(=O)[C@H](CC(C)C)NC(=O)[C@@H]2CCCN2C(=O)[C@@H](NC(=O)[C@H](CCCNC(=N)N)NC(=O)[C@H](CCCNC(=N)N)NC(=O)[C@H](CCCNC(=N)N)NC(=O)[C@H](CCCNC(=N)N)NC(C)=O)CSSC[C@@H](C(=O)N[C@@H](CCCNC(=N)N)C(=O)N[C@@H](CCCNC(=N)N)C(=O)N[C@@H](CCCNC(=N)N)C(=O)N[C@@H](CCCNC(=N)N)C(N)=O)NC(=O)[C@H](C)NC(=O)[C@@H]2CCCN2C(=O)[C@H](CC(=O)O)NC(=O)[C@H](Cc2ccc(O)cc2)NC(=O)[C@H](CO)NC1=O,YYWLOBAEEQJZPB-DQGKMOIXSA-N,177,2533.0,0.013,8.91,False,True,,6OIM,9IAY,,,,,,,,Cys12,covalent,,,,,,,,,6.98,known,KNOWN compound - catalogued in PubChem as 'Ac-Arg-Arg-Arg-Arg-Cys(1)-Pro-Leu-Tyr-Ile-Ser-Tyr-Asp-Pro-Ala-Cys(1)-Arg-Arg-,1.0,CHEMBL4070657,,100.0,,,,,,,,,,,,,,,,,,,,,,,,,4,,panel_selanchor_KRAS_G12C_CDK6_CDK2.csv,False,True,19,
PTGS2_PTGS1__anchor,constrained,PTGS2,reference,chembl_1,"3,5-Bis(4-fluorophenyl)-4-azatricyclo[5.2.1.02,6]deca-2,5-diene",CHEMBL143776,9883585,,False,Fc1ccc(-c2[nH]c(-c3ccc(F)cc3)c3c2C2CCC3C2)cc1,BVZXSBMLTOYNIL-UHFFFAOYSA-N,24,321.4,0.596,3.76,False,False,,5KIR,1EQG,-10.25,-6.06,4.19,0.427,True,10,0,Arg120,acidic,,,,,2,8,0.2,,10.1,known,"KNOWN compound - catalogued in PubChem as '3,5-Bis(4-fluorophenyl)-4-azatricyclo[5.2.1.02,6]deca-2,5-diene'",1.0,CHEMBL143776,,100.0,,,,,,,,,,,,,,,,,,,,,7,,,,4,,panel_selanchor_PTGS2_PTGS1_EGFR_T790M.csv,False,False,0,
PTGS2_PTGS1__anchor,constrained,PTGS2,reference,chembl_2,"3,5-Bis(4-fluorophenyl)-4-azatricyclo[5.2.2.02,6]undeca-2,5-diene",CHEMBL140167,9797804,,False,Fc1ccc(-c2[nH]c(-c3ccc(F)cc3)c3c2C2CCC3CC2)cc1,PJFSTCAIAQWJBR-UHFFFAOYSA-N,25,335.4,0.559,3.0,False,False,,5KIR,1EQG,-9.09,-3.45,5.64,0.364,True,13,0,Arg120,acidic,,,,,2,10,0.167,,9.92,known,"KNOWN compound - catalogued in PubChem as '3,5-Bis(4-fluorophenyl)-4-azatricyclo[5.2.2.02,6]undeca-2,5-diene'",1.0,CHEMBL140167,,100.0,,,,,,,,,,,,,,,,,,,,,7,,,,4,,panel_selanchor_PTGS2_PTGS1_EGFR_T790M.csv,False,False,0,
PTGS2_PTGS1__anchor,constrained,PTGS2,reference,chembl_3,5-(4-Fluorophenyl)-6-(4-methylsulfonylphenyl)spiro[2.4]hept-5-ene,CHEMBL92154,9851770,,False,CS(=O)(=O)c1ccc(C2=C(c3ccc(F)cc3)CC3(CC3)C2)cc1,VZCIAZMKVAJRCL-UHFFFAOYSA-N,24,342.4,0.809,2.8,False,True,,5KIR,1EQG,-11.38,-5.11,6.27,0.474,True,11,1,Arg120,acidic,,,,,2,9,0.182,,8.96,known,KNOWN compound - catalogued in PubChem as '5-(4-Fluorophenyl)-6-(4-methylsulfonylphenyl)spiro[2.4]hept-5-ene',1.0,CHEMBL92154,,100.0,,,,,,,,,,,,,,,,,,,,,7,,,,4,,panel_selanchor_PTGS2_PTGS1_EGFR_T790M.csv,False,False,0,
PTGS2_PTGS1__anchor,constrained,PTGS2,reference,chembl_4,1-Methanesulfonyl-4-(3-methylene-2-phenyl-cyclobut-1-enyl)-benzene,CHEMBL91118,9817667,,False,C=C1CC(c2ccc(S(C)(=O)=O)cc2)=C1c1ccccc1,KGOPIJQFLBPLCD-UHFFFAOYSA-N,21,296.4,0.859,2.33,False,True,,5KIR,1EQG,-10.15,-6.05,4.1,0.483,True,8,1,Arg120,acidic,,,,,2,6,0.25,,8.92,known,KNOWN compound - catalogued in PubChem as '1-Methanesulfonyl-4-(3-methylene-2-phenyl-cyclobut-1-enyl)-benzene',1.0,CHEMBL91118,,100.0,,,,,,,,,,,,,,,,,,,,,7,,,,4,,panel_selanchor_PTGS2_PTGS1_EGFR_T790M.csv,False,False,0,
PTGS2_PTGS1__anchor,constrained,PTGS2,reference,chembl_5,DUP-697,CHEMBL42485,3177,,False,CS(=O)(=O)c1ccc(-c2cc(Br)sc2-c2ccc(F)cc2)cc1,AJFTZWGGHJXZOB-UHFFFAOYSA-N,23,411.3,0.579,2.14,False,False,,5KIR,1EQG,-10.38,-5.59,4.79,0.451,True,11,1,Arg120,acidic,,,,,2,9,0.182,,8.68,known,KNOWN compound - catalogued in PubChem as '5-Bromo-2-(4-fluorophenyl)-3-(4-(methylsulfonyl)phenyl)thiophene',1.0,CHEMBL42485,DUP-697,100.0,,,,,,,,,,,,,,,,,,,,,7,,,,4,,panel_selanchor_PTGS2_PTGS1_EGFR_T790M.csv,False,False,0,
PTGS2_PTGS1__anchor,constrained,PTGS2,reference,chembl_6,"1-(4,4-Dimethyl-3-methylene-2-phenyl-cyclobut-1-enyl)-4-methanesulfonyl-benzene",CHEMBL92443,18969715,,False,C=C1C(c2ccccc2)=C(c2ccc(S(C)(=O)=O)cc2)C1(C)C,FYNBOGBNIRAUMO-UHFFFAOYSA-N,23,324.4,0.827,2.4,False,True,,5KIR,1EQG,-10.54,-5.61,4.93,0.458,True,10,1,Arg120,acidic,,,,,2,8,0.2,,8.66,known,"KNOWN compound - catalogued in PubChem as '1-(4,4-Dimethyl-3-methylene-2-phenyl-cyclobut-1-enyl)-4-methanesulfonyl-benze",1.0,CHEMBL92443,,100.0,,,,,,,,,,,,,,,,,,,,,7,,,,4,,panel_selanchor_PTGS2_PTGS1_EGFR_T790M.csv,False,False,0,
PTGS2_PTGS1__anchor,constrained,PTGS2,reference,chembl_7,"3-(4-Methanesulfonyl-phenyl)-4,4-dimethyl-2-phenyl-cyclobut-2-enone",CHEMBL420987,9883822,,False,CC1(C)C(=O)C(c2ccccc2)=C1c1ccc(S(C)(=O)=O)cc1,HRYWWQCLGHKRLN-UHFFFAOYSA-N,23,326.4,0.866,2.21,False,True,,5KIR,1EQG,-10.36,-5.46,4.9,0.45,True,9,1,Arg120,acidic,,,,,2,7,0.222,,8.55,known,"KNOWN compound - catalogued in PubChem as '3-(4-Methanesulfonyl-phenyl)-4,4-dimethyl-2-phenyl-cyclobut-2-enone'",1.0,CHEMBL420987,,100.0,,,,,,,,,,,,,,,,,,,,,7,,,,4,,panel_selanchor_PTGS2_PTGS1_EGFR_T790M.csv,False,False,0,
PTGS2_PTGS1__anchor,constrained,PTGS2,reference,chembl_8,"2-(4-Fluoro-phenyl)-3-(4-methanesulfonyl-phenyl)-4,4-dimethyl-cyclobut-2-enone",CHEMBL91832,18969710,,False,CC1(C)C(=O)C(c2ccc(F)cc2)=C1c1ccc(S(C)(=O)=O)cc1,BIKVSCVPZGXPRO-UHFFFAOYSA-N,24,344.4,0.852,2.28,False,True,,5KIR,1EQG,-10.59,-4.94,5.65,0.441,True,11,1,Arg120,acidic,,,,,2,9,0.182,,8.3,known,"KNOWN compound - catalogued in PubChem as '2-(4-Fluoro-phenyl)-3-(4-methanesulfonyl-phenyl)-4,4-dimethyl-cyclobut-2-enon",1.0,CHEMBL91832,,100.0,,,,,,,,,,,,,,,,,,,,,7,,,,4,,panel_selanchor_PTGS2_PTGS1_EGFR_T790M.csv,False,False,0,
PTGS2_PTGS1__anchor,constrained,PTGS2,reference,chembl_9,INDOMETHACIN,CHEMBL6,3715,4.0,True,COc1ccc2c(c1)c(CC(=O)O)c(C)n2C(=O)c1ccc(Cl)cc1,CGIGDMFJXJATDK-UHFFFAOYSA-N,25,357.8,0.768,2.08,False,False,,5KIR,1EQG,-8.68,-5.54,3.14,0.347,True,13,0,Arg120,acidic,,,,,2,9,0.182,,8.23,known,KNOWN compound - catalogued in PubChem as 'Indomethacin',1.0,CHEMBL4590319,,100.0,,,,,,,,,,,,,,,,,,,,,7,,,,4,,panel_selanchor_PTGS2_PTGS1_EGFR_T790M.csv,False,False,0,
PTGS2_PTGS1__anchor,constrained,PTGS2,reference,chembl_10,4-(2-(4-fluorophenyl)-1H-pyrrol-1-yl)benzenesulfonamide,CHEMBL43511,10471014,,False,NS(=O)(=O)c1ccc(-n2cccc2-c2ccc(F)cc2)cc1,GOJNWJGEIYVWOM-UHFFFAOYSA-N,22,316.4,0.807,2.02,False,False,,5KIR,1EQG,-10.65,-5.83,4.82,0.484,True,9,1,Arg120,acidic,,,,,1,8,0.111,,7.85,known,KNOWN compound - catalogued in PubChem as '4-(2-(4-fluorophenyl)-1H-pyrrol-1-yl)benzenesulfonamide',1.0,CHEMBL43511,,100.0,,,,,,,,,,,,,,,,,,,,,7,,,,4,,panel_selanchor_PTGS2_PTGS1_EGFR_T790M.csv,False,False,0,
PTGS2_PTGS1__anchor,constrained,PTGS2,generated,lead_1,,,,,False,O=C(O)CCc1cc(-c2ccccc2)n(-c2ccccc2)c1,VKXCBEPZYNINRZ-UHFFFAOYSA-N,22,291.4,0.767,2.01,False,False,,5KIR,1EQG,-9.67,-5.61,4.06,0.44,True,7,1,Arg120,acidic,,,,,1,6,0.143,,,related_chemotype,"RELATED to a known chemotype (nearest Tanimoto 0.53) - novel specific structure, known scaffold family",0.528,CHEMBL5432546,,52.8,1,c1ccc(-c2cccn2-c2ccccc2)cc1,-8.72,-0.95,-0.95,,0,True,3,,,,,,,,,,,,7,,,,4,,panel_selanchor_PTGS2_PTGS1_EGFR_T790M.csv,False,False,0,
PTGS2_PTGS1__anchor,constrained,PTGS2,generated_front,lead_1_alt1,"1,5-Diphenylpyrrole-3-carboxylic acid",,152675258,,False,O=C(O)c1cc(-c2ccccc2)n(-c2ccccc2)c1,ZMJROGUSHJDQIB-UHFFFAOYSA-N,20,,0.78,1.91,,,,,,-9.14,,,0.457,,,1,Arg120,acidic,,,,,,,,,,known,"KNOWN compound - catalogued in PubChem as '1,5-Diphenylpyrrole-3-carboxylic acid'",0.553,CHEMBL4993282,,55.3,1,c1ccc(-c2cccn2-c2ccccc2)cc1,-8.72,,,,1,False,3,,,,,,,,,,,,,,,,4,,panel_selanchor_PTGS2_PTGS1_EGFR_T790M.csv,False,False,0,"Pareto front member, growth-round local box, NOT redocked"
PTGS2_PTGS1__anchor,constrained,PTGS2,generated_front,lead_1_alt2,,,,,False,Nc1cccc(-n2cccc2-c2ccccc2)c1,ZNCCNYZJPXSPTQ-UHFFFAOYSA-N,18,,0.673,1.95,,,,,,-9.18,,,0.51,,,0,Arg120,acidic,,,,,,,,,,related_chemotype,"RELATED to a known chemotype (nearest Tanimoto 0.57) - novel specific structure, known scaffold family",0.571,CHEMBL2104057,AMPHENIDONE,57.1,1,c1ccc(-c2cccn2-c2ccccc2)cc1,-8.72,,,,2,False,3,,,,,,,,,,,,,,,,4,,panel_selanchor_PTGS2_PTGS1_EGFR_T790M.csv,False,False,0,"Pareto front member, growth-round local box, NOT redocked"
PTGS2_PTGS1__anchor,constrained,PTGS2,generated,lead_1,,,,,False,OCCCc1cc(-c2ccccc2)n(-c2ccccc2)c1,IVERHSWGIDGRNG-UHFFFAOYSA-N,21,277.4,0.747,2.05,False,False,,5KIR,1EQG,-9.14,-5.62,3.52,0.435,True,7,1,Arg120,acidic,,,,,1,5,0.167,,,related_chemotype,"RELATED to a known chemotype (nearest Tanimoto 0.48) - novel specific structure, known scaffold family",0.485,CHEMBL1606391,HYDROCINNAMYL ALCOHOL,48.5,2,c1ccc(-c2cccn2-c2ccccc2)cc1,-8.72,0.53,-0.42,,0,True,5,,,,,,,,,,,,7,,,,4,,panel_selanchor_PTGS2_PTGS1_EGFR_T790M.csv,False,False,0,
PTGS2_PTGS1__anchor,constrained,PTGS2,generated_front,lead_1_alt1,,,,,False,O=C(O)OC(=O)CCc1cc(-c2ccccc2)n(-c2ccccc2)c1,RLDAMLWXKBELTA-UHFFFAOYSA-N,25,,0.557,2.33,,,,,,-9.89,,,0.396,,,1,Arg120,acidic,,,,,,,,,,related_chemotype,"RELATED to a known chemotype (nearest Tanimoto 0.43) - novel specific structure, known scaffold family",0.432,CHEMBL4936699,,43.2,2,c1ccc(-c2cccn2-c2ccccc2)cc1,-8.72,,,,1,False,5,,,,,,,,,,,,,,,,4,,panel_selanchor_PTGS2_PTGS1_EGFR_T790M.csv,False,False,0,"Pareto front member, growth-round local box, NOT redocked"
PTGS2_PTGS1__anchor,constrained,PTGS2,generated_front,lead_1_alt2,,,,,False,O=C(CCc1cc(-c2ccccc2)n(-c2ccccc2)c1)Oc1nn[nH]n1,LHOVUDANZUPONO-UHFFFAOYSA-N,27,,0.534,2.66,,,,,,-10.53,,,0.39,,,1,Arg120,acidic,,,,,,,,,,novel,NOVEL scaffold - no PubChem exact match and nearest ChEMBL neighbour only Tanimoto 0.00,0.0,,,,2,c1ccc(-c2cccn2-c2ccccc2)cc1,-8.72,,,,2,False,5,,,,,,,,,,,,,,,,4,,panel_selanchor_PTGS2_PTGS1_EGFR_T790M.csv,False,False,0,"Pareto front member, growth-round local box, NOT redocked"
PTGS2_PTGS1__anchor,constrained,PTGS2,generated_front,lead_1_alt3,,,,,False,NS(=O)(=O)OC(=O)CCc1cc(-c2ccccc2)n(-c2ccccc2)c1,DHCBCPXYAHRYKZ-UHFFFAOYSA-N,26,,0.722,2.5,,,,,,-9.97,,,0.383,,,1,Arg120,acidic,,,,,,,,,,novel,NOVEL scaffold - no PubChem exact match and nearest ChEMBL neighbour only Tanimoto 0.00,0.0,,,,2,c1ccc(-c2cccn2-c2ccccc2)cc1,-8.72,,,,3,False,5,,,,,,,,,,,,,,,,4,,panel_selanchor_PTGS2_PTGS1_EGFR_T790M.csv,False,False,0,"Pareto front member, growth-round local box, NOT redocked"
PTGS2_PTGS1__anchor,constrained,PTGS2,generated_front,lead_1_alt4,,,,,False,O=C(O)CCOC(=O)CCc1cc(-c2ccccc2)n(-c2ccccc2)c1,YRNUYPQYOWYELQ-UHFFFAOYSA-N,27,,0.612,2.24,,,,,,-9.46,,,0.35,,,1,Arg120,acidic,,,,,,,,,,related_chemotype,"RELATED to a known chemotype (nearest Tanimoto 0.50) - novel specific structure, known scaffold family",0.5,CHEMBL1576102,,50.0,2,c1ccc(-c2cccn2-c2ccccc2)cc1,-8.72,,,,4,False,5,,,,,,,,,,,,,,,,4,,panel_selanchor_PTGS2_PTGS1_EGFR_T790M.csv,False,False,0,"Pareto front member, growth-round local box, NOT redocked"
PTGS2_PTGS1__anchor,constrained,PTGS2,generated,lead_1,,,,,False,OCCCc1cc(-c2ccc(C3CC3)cc2)n(-c2ccccc2)c1,NUBZHCVYCSXSHV-UHFFFAOYSA-N,24,317.4,0.684,2.23,False,False,,5KIR,1EQG,-10.1,-5.64,4.46,0.421,True,10,1,Arg120,acidic,,,,,2,8,0.2,,,novel,NOVEL scaffold - no PubChem exact match and nearest ChEMBL neighbour only Tanimoto 0.00,0.0,,,,3,c1ccc(-c2cccn2-c2ccccc2)cc1,-8.72,-0.96,-1.38,,0,True,5,,,,,,,,,,,,7,,,,4,,panel_selanchor_PTGS2_PTGS1_EGFR_T790M.csv,False,False,0,
PTGS2_PTGS1__anchor,constrained,PTGS2,generated_front,lead_1_alt1,,,,,False,c1ccc(-c2cc(CCCOc3nn[nH]n3)cn2-c2ccccc2)cc1,GWORUYZTJNFNET-UHFFFAOYSA-N,26,,0.519,2.56,,,,,,-9.96,,,0.383,,,1,Arg120,acidic,,,,,,,,,,related_chemotype,"RELATED to a known chemotype (nearest Tanimoto 0.40) - novel specific structure, known scaffold family",0.404,CHEMBL19395,,40.4,3,c1ccc(-c2cccn2-c2ccccc2)cc1,-8.72,,,,1,False,5,,,,,,,,,,,,,,,,4,,panel_selanchor_PTGS2_PTGS1_EGFR_T790M.csv,False,False,0,"Pareto front member, growth-round local box, NOT redocked"
PTGS2_PTGS1__anchor,constrained,PTGS2,generated_front,lead_1_alt2,,,,,False,NS(=O)(=O)OCCCc1cc(-c2ccccc2)n(-c2ccccc2)c1,DLLGQJTVMIFLCB-UHFFFAOYSA-N,25,,0.66,2.38,,,,,,-9.65,,,0.386,,,1,Arg120,acidic,,,,,,,,,,related_chemotype,"RELATED to a known chemotype (nearest Tanimoto 0.58) - novel specific structure, known scaffold family",0.585,CHEMBL1719367,,58.5,3,c1ccc(-c2cccn2-c2ccccc2)cc1,-8.72,,,,2,False,5,,,,,,,,,,,,,,,,4,,panel_selanchor_PTGS2_PTGS1_EGFR_T790M.csv,False,False,0,"Pareto front member, growth-round local box, NOT redocked"
PTGS2_PTGS1__anchor,constrained,PTGS2,generated_front,lead_1_alt3,,,,,False,O=C(O)CCOCCCc1cc(-c2ccccc2)n(-c2ccccc2)c1,SJVLKFZSGITXKL-UHFFFAOYSA-N,26,,0.576,2.23,,,,,,-9.31,,,0.358,,,1,Arg120,acidic,,,,,,,,,,related_chemotype,"RELATED to a known chemotype (nearest Tanimoto 0.43) - novel specific structure, known scaffold family",0.431,CHEMBL2334251,,43.1,3,c1ccc(-c2cccn2-c2ccccc2)cc1,-8.72,,,,3,False,5,,,,,,,,,,,,,,,,4,,panel_selanchor_PTGS2_PTGS1_EGFR_T790M.csv,False,False,0,"Pareto front member, growth-round local box, NOT redocked"
PTGS2_PTGS1__anchor,constrained,PTGS2,generated_front,lead_1_alt4,,,,,False,NOCCCc1cc(-c2ccccc2)n(-c2ccccc2)c1,CHDITPIIIREVGY-UHFFFAOYSA-N,22,,0.551,2.27,,,,,,-9.28,,,0.422,,,1,Arg120,acidic,,,,,,,,,,related_chemotype,"RELATED to a known chemotype (nearest Tanimoto 0.53) - novel specific structure, known scaffold family",0.528,CHEMBL3764480,,52.8,3,c1ccc(-c2cccn2-c2ccccc2)cc1,-8.72,,,,4,False,5,,,,,,,,,,,,,,,,4,,panel_selanchor_PTGS2_PTGS1_EGFR_T790M.csv,False,False,0,"Pareto front member, growth-round local box, NOT redocked"
PTGS2_PTGS1__anchor,constrained,PTGS2,generated,lead_2,,,,,False,O=C(O)CCC1C(=O)C(c2ccccc2)=C1c1ccccc1,YHHHXLKKRLJVTL-UHFFFAOYSA-N,22,292.3,0.915,2.61,False,True,,5KIR,1EQG,-9.67,-7.28,2.39,0.44,True,9,0,Arg120,acidic,,,,,1,7,0.125,,,related_chemotype,"RELATED to a known chemotype (nearest Tanimoto 0.53) - novel specific structure, known scaffold family",0.528,CHEMBL44224,,52.8,1,O=C1CC(c2ccccc2)=C1c1ccccc1,-9.12,-0.55,-0.55,,0,True,5,,,,,,,,,,,,7,,,,4,,panel_selanchor_PTGS2_PTGS1_EGFR_T790M.csv,False,False,0,
PTGS2_PTGS1__anchor,constrained,PTGS2,generated_front,lead_2_alt1,,,,,False,NS(=O)(=O)C1C(=O)C(c2ccccc2)=C1c1ccccc1,YFRBSPJADNFSPJ-UHFFFAOYSA-N,21,,0.939,2.78,,,,,,-9.49,,,0.452,,,0,Arg120,acidic,,,,,,,,,,related_chemotype,"RELATED to a known chemotype (nearest Tanimoto 0.49) - novel specific structure, known scaffold family",0.486,CHEMBL1979748,,48.6,1,O=C1CC(c2ccccc2)=C1c1ccccc1,-9.12,,,,1,False,5,,,,,,,,,,,,,,,,4,,panel_selanchor_PTGS2_PTGS1_EGFR_T790M.csv,False,False,0,"Pareto front member, growth-round local box, NOT redocked"
PTGS2_PTGS1__anchor,constrained,PTGS2,generated_front,lead_2_alt2,,,,,False,O=C(O)C1C(=O)C(c2ccccc2)=C1c1ccccc1,UMMDYQMQAKFJEA-UHFFFAOYSA-N,20,,0.867,2.57,,,,,,-9.48,,,0.474,,,0,Arg120,acidic,,,,,,,,,,related_chemotype,"RELATED to a known chemotype (nearest Tanimoto 0.52) - novel specific structure, known scaffold family",0.515,CHEMBL1874126,,51.5,1,O=C1CC(c2ccccc2)=C1c1ccccc1,-9.12,,,,2,False,5,,,,,,,,,,,,,,,,4,,panel_selanchor_PTGS2_PTGS1_EGFR_T790M.csv,False,False,0,"Pareto front member, growth-round local box, NOT redocked"
PTGS2_PTGS1__anchor,constrained,PTGS2,generated_front,lead_2_alt3,,,,,False,O=C1C(c2ccccc2)=C(c2ccccc2)C1c1nn[nH]n1,AGFOYKZIJNFHJO-UHFFFAOYSA-N,22,,0.803,2.93,,,,,,-10.37,,,0.471,,,0,Arg120,acidic,,,,,,,,,,related_chemotype,"RELATED to a known chemotype (nearest Tanimoto 0.45) - novel specific structure, known scaffold family",0.45,CHEMBL1979748,,45.0,1,O=C1CC(c2ccccc2)=C1c1ccccc1,-9.12,,,,3,False,5,,,,,,,,,,,,,,,,4,,panel_selanchor_PTGS2_PTGS1_EGFR_T790M.csv,False,False,0,"Pareto front member, growth-round local box, NOT redocked"
PTGS2_PTGS1__anchor,constrained,PTGS2,generated_front,lead_2_alt4,"Benzene, 1,1'-(1-cyclobutene-1,2-diyl)bis-",,76811,,False,c1ccc(C2=C(c3ccccc3)CC2)cc1,YGVYHUGLHHFGNN-UHFFFAOYSA-N,16,,0.683,1.62,,,,,,-8.92,,,0.557,,,0,Arg120,acidic,,,,,,,,,,known,"KNOWN compound - catalogued in PubChem as 'Benzene, 1,1'-(1-cyclobutene-1,2-diyl)bis-'",0.56,CHEMBL93803,,56.0,1,O=C1CC(c2ccccc2)=C1c1ccccc1,-9.12,,,,4,False,5,,,,,,,,,,,,,,,,4,,panel_selanchor_PTGS2_PTGS1_EGFR_T790M.csv,False,False,0,"Pareto front member, growth-round local box, NOT redocked"
PTGS2_PTGS1__anchor,constrained,PTGS2,generated,lead_2,,,,,False,O=C(O)OC(=O)CCC1C(=O)C(c2ccccc2)=C1c1ccccc1,GOHFVFWETOAKOY-UHFFFAOYSA-N,25,336.3,0.663,2.92,False,True,,5KIR,1EQG,-9.7,-7.53,2.17,0.388,True,9,1,Arg120,acidic,,,,,1,8,0.111,,,related_chemotype,"RELATED to a known chemotype (nearest Tanimoto 0.42) - novel specific structure, known scaffold family",0.422,CHEMBL2003820,,42.2,2,O=C1CC(c2ccccc2)=C1c1ccccc1,-9.12,-0.03,-0.58,,0,True,5,,,,,,,,,,,,7,,,,4,,panel_selanchor_PTGS2_PTGS1_EGFR_T790M.csv,False,False,0,
PTGS2_PTGS1__anchor,constrained,PTGS2,generated_front,lead_2_alt1,,,,,False,NS(=O)(=O)OC(=O)CCC1C(=O)C(c2ccccc2)=C1c1ccccc1,YTFCBTRAECEIOU-UHFFFAOYSA-N,26,,0.839,3.08,,,,,,-9.98,,,0.384,,,1,Arg120,acidic,,,,,,,,,,novel,NOVEL scaffold - no PubChem exact match and nearest ChEMBL neighbour only Tanimoto 0.00,0.0,,,,2,O=C1CC(c2ccccc2)=C1c1ccccc1,-9.12,,,,1,False,5,,,,,,,,,,,,,,,,4,,panel_selanchor_PTGS2_PTGS1_EGFR_T790M.csv,False,False,0,"Pareto front member, growth-round local box, NOT redocked"
PTGS2_PTGS1__anchor,constrained,PTGS2,generated_front,lead_2_alt2,,,,,False,O=C(O)CCOC(=O)CCC1C(=O)C(c2ccccc2)=C1c1ccccc1,OPLNVDYHRGWKIO-UHFFFAOYSA-N,27,,0.724,2.8,,,,,,-9.63,,,0.357,,,1,Arg120,acidic,,,,,,,,,,related_chemotype,"RELATED to a known chemotype (nearest Tanimoto 0.46) - novel specific structure, known scaffold family",0.457,CHEMBL2003820,,45.7,2,O=C1CC(c2ccccc2)=C1c1ccccc1,-9.12,,,,2,False,5,,,,,,,,,,,,,,,,4,,panel_selanchor_PTGS2_PTGS1_EGFR_T790M.csv,False,False,0,"Pareto front member, growth-round local box, NOT redocked"
PTGS2_PTGS1__anchor,constrained,PTGS2,generated_front,lead_2_alt3,,,,,False,O=C(CCC1C(=O)C(c2ccccc2)=C1c1ccccc1)ONS(=O)(=O)c1ccccc1,SCRBFZLSHAZQSB-UHFFFAOYSA-N,32,,0.527,2.98,,,,,,-10.55,,,0.33,,,1,Arg120,acidic,,,,,,,,,,novel,NOVEL scaffold - no PubChem exact match and nearest ChEMBL neighbour only Tanimoto 0.00,0.0,,,,2,O=C1CC(c2ccccc2)=C1c1ccccc1,-9.12,,,,3,False,5,,,,,,,,,,,,,,,,4,,panel_selanchor_PTGS2_PTGS1_EGFR_T790M.csv,False,False,0,"Pareto front member, growth-round local box, NOT redocked"
PTGS2_PTGS1__anchor,constrained,PTGS2,generated_front,lead_2_alt4,,,,,False,Nc1cccc(C2=C(c3ccccc3)C(CCC(=O)O)C2=O)c1,IGVCGQRZJTVHEK-UHFFFAOYSA-N,23,,0.831,2.82,,,,,,-9.5,,,0.413,,,0,Arg120,acidic,,,,,,,,,,related_chemotype,"RELATED to a known chemotype (nearest Tanimoto 0.43) - novel specific structure, known scaffold family",0.432,CHEMBL44224,,43.2,2,O=C1CC(c2ccccc2)=C1c1ccccc1,-9.12,,,,4,False,5,,,,,,,,,,,,,,,,4,,panel_selanchor_PTGS2_PTGS1_EGFR_T790M.csv,False,False,0,"Pareto front member, growth-round local box, NOT redocked"
EGFR_T790M_panel,kinase / named drug panel,EGFR,drug,erlotinib,ERLOTINIB,CHEMBL553,176870,4.0,True,C#Cc1cccc(Nc2ncnc3cc(OCCOC)c(OCCOC)cc23)c1,AAKJLRGGTJKAMG-UHFFFAOYSA-N,29,393.4,0.418,2.48,False,True,,6TFV,,-7.9,,,0.272,True,11,0,,,False,,,False,1,11,0.08,,,known,KNOWN compound - catalogued in PubChem as 'Erlotinib',1.0,CHEMBL1079742,ERLOTINIB HYDROCHLORIDE,100.0,,,,,,,,,,,,,,,,,,,,,,,,,4,,reference_ranking.csv,False,False,0,
EGFR_T790M_panel,kinase / named drug panel,EGFR,drug,gefitinib,GEFITINIB,CHEMBL939,123631,4.0,True,COc1cc2ncnc(Nc3ccc(F)c(Cl)c3)c2cc1OCCCN1CCOCC1,XGALLCVXEZPNRQ-UHFFFAOYSA-N,31,446.9,0.518,2.34,False,True,,6TFV,,-8.32,,,0.268,True,10,0,,,False,Van der Waals,,False,1,12,0.08,,,known,KNOWN compound - catalogued in PubChem as 'Gefitinib',1.0,CHEMBL939,GEFITINIB,100.0,,,,,,,,,,,,,,,,,,,,,,,,,4,,reference_ranking.csv,False,False,0,
EGFR_T790M_panel,kinase / named drug panel,EGFR,drug,icotinib,ICOTINIB,CHEMBL2087361,22024915,3.0,False,C#Cc1cccc(Nc2ncnc3cc4c(cc23)OCCOCCOCCO4)c1,QQLKULDARVNMAL-UHFFFAOYSA-N,29,391.4,0.673,3.07,False,True,,6TFV,,-6.92,,,0.239,True,11,0,,,False,Van der Waals,,False,1,11,0.08,,,known,KNOWN compound - catalogued in PubChem as 'Icotinib',1.0,CHEMBL2087361,ICOTINIB,100.0,,,,,,,,,,,,,,,,,,,,,,,,,4,,reference_ranking.csv,False,False,0,
EGFR_T790M_panel,kinase / named drug panel,EGFR,drug,afatinib,AFATINIB,CHEMBL1173655,10184653,4.0,True,CN(C)C/C=C/C(=O)Nc1cc2c(Nc3ccc(F)c(Cl)c3)ncnc2cc1O[C@H]1CCOC1,ULXXDDBFHOBEHA-CWDCEQMOSA-N,34,485.9,0.457,3.28,False,True,,6TFV,,-7.94,,,0.234,True,11,1,,,False,Van der Waals,8.49,False,1,10,0.09,,,known,KNOWN compound - catalogued in PubChem as 'Afatinib',1.0,CHEMBL4102656,,100.0,,,,,,,,,,,,,,,,,,,,,,,,,4,,reference_ranking.csv,False,False,0,
EGFR_T790M_panel,kinase / named drug panel,EGFR,drug,dacomitinib,DACOMITINIB ANHYDROUS,CHEMBL2110732,11511120,4.0,True,COc1cc2ncnc(Nc3ccc(F)c(Cl)c3)c2cc1NC(=O)/C=C/CN1CCCCC1,LVXJQMNHJWSHET-AATRIKPKSA-N,33,469.9,0.465,2.54,False,True,,6TFV,,-9.48,,,0.287,True,14,1,,,False,Van der Waals,11.21,False,1,12,0.08,,,known,KNOWN compound - catalogued in PubChem as 'Dacomitinib',1.0,CHEMBL2105719,DACOMITINIB,100.0,,,,,,,,,,,,,,,,,,,,,,,,,4,,reference_ranking.csv,False,False,0,
EGFR_T790M_panel,kinase / named drug panel,EGFR,drug,neratinib,NERATINIB,CHEMBL180022,9915743,4.0,True,CCOc1cc2ncc(C#N)c(Nc3ccc(OCc4ccccn4)c(Cl)c3)c2cc1NC(=O)/C=C/CN(C)C,JWNPDZNEKVCWMY-VQHVLOKHSA-N,40,557.1,0.218,2.88,False,True,,6TFV,,-5.81,,,0.145,True,12,2,,,False,"Halogen (Cl, Br, I)",4.12,False,0,10,0.0,,,known,KNOWN compound - catalogued in PubChem as 'Neratinib',1.0,CHEMBL3989921,NERATINIB MALEATE,100.0,,,,,,,,,,,,,,,,,,,,,,,,,4,,reference_ranking.csv,False,False,0,
EGFR_T790M_panel,kinase / named drug panel,EGFR,drug,osimertinib,OSIMERTINIB,CHEMBL3353410,71496458,4.0,True,C=CC(=O)Nc1cc(Nc2nccc(-c3cn(C)c4ccccc34)n2)c(OC)cc1N(C)CCN(C)C,DUYJMQONPNNFPI-UHFFFAOYSA-N,37,499.6,0.311,2.92,False,True,,6TFV,,-6.85,,,0.185,True,14,0,,,False,,7.69,False,2,12,0.14,,,known,KNOWN compound - catalogued in PubChem as 'Osimertinib',1.0,CHEMBL4741340,,100.0,,,,,,,,,,,,,,,,,,,,,,,,,4,,reference_ranking.csv,False,False,0,
EGFR_T790M_panel,kinase / named drug panel,EGFR,drug,lazertinib,LAZERTINIB,CHEMBL4558324,121269225,4.0,True,C=CC(=O)Nc1cc(Nc2nccc(-n3cc(CN(C)C)c(-c4ccccc4)n3)n2)c(OC)cc1N1CCOCC1,RRMJMHOQSALEJJ-UHFFFAOYSA-N,41,554.7,0.28,2.94,False,True,,6TFV,,-6.74,,,0.164,True,13,1,,,False,,13.76,False,1,9,0.1,,,known,KNOWN compound - catalogued in PubChem as 'Lazertinib',1.0,CHEMBL6068478,LAZERTINIB MESYLATE,100.0,,,,,,,,,,,,,,,,,,,,,,,,,4,,reference_ranking.csv,False,False,0,
EGFR_T790M_panel,kinase / named drug panel,EGFR,drug,rociletinib,ROCILETINIB,CHEMBL3545308,57335384,3.0,False,C=CC(=O)Nc1cccc(Nc2nc(Nc3ccc(N4CCN(C(C)=O)CC4)cc3OC)ncc2C(F)(F)F)c1,HUFOZJXAKZVRNJ-UHFFFAOYSA-N,40,555.6,0.341,2.74,False,True,,6TFV,,-8.67,,,0.217,True,11,0,,,False,Alkyl,9.13,False,1,11,0.08,,,known,KNOWN compound - catalogued in PubChem as 'Rociletinib',1.0,CHEMBL3545308,ROCILETINIB,100.0,,,,,,,,,,,,,,,,,,,,,,,,,4,,reference_ranking.csv,False,False,0,
EGFR_T790M_panel,kinase / named drug panel,EGFR,drug,olmutinib,OLMUTINIB,CHEMBL3786343,54758501,4.0,True,C=CC(=O)Nc1cccc(Oc2nc(Nc3ccc(N4CCN(C)CC4)cc3)nc3ccsc23)c1,FDMQDKQUTRLUBU-UHFFFAOYSA-N,35,486.6,0.352,2.62,True,True,,6TFV,,-8.97,,,0.256,True,12,0,,,False,Van der Waals,8.91,False,1,12,0.08,,,known,KNOWN compound - catalogued in PubChem as 'Olmutinib',1.0,CHEMBL3989930,OLMUTINIB HYDROCHLORIDE,100.0,,,,,,,,,,,,,,,,,,,,,,,,,4,,reference_ranking.csv,False,False,0,
EGFR_T790M_panel,kinase / named drug panel,EGFR,generated,lead s9/aim/r1,,,,,False,Cc1cc(C=C2C(=O)Nc3ncnc(Nc4ccc5c(ccn5Cc5ccccc5)c4)c32)[nH]c1C(=O)N1CCOCC1,RAPHVJXWNBSWCY-UHFFFAOYSA-N,42,559.6,0.257,3.13,False,True,,6TFV,,-10.22,,,0.243,True,14,0,,,False,Van der Waals,6.8,False,2,12,0.14,,,related_chemotype,"RELATED to a known chemotype (nearest Tanimoto 0.80) - novel specific structure, known scaffold family",0.798,CHEMBL67057,,79.8,,,,,,,,,,,,,,,,,,,,,,,,,4,,reference_ranking.csv,False,False,0,
EGFR_T790M_panel,kinase / named drug panel,EGFR,generated,lead s9/aim/r1,,,,,False,O=C1Nc2ncnc(Nc3ccc4c(ccn4Cc4ccccc4)c3)c2C1=Cc1ccc(C(=O)N2CCOCC2C2COCCN2)[nH]1,WEEYCZVUOJUUTO-UHFFFAOYSA-N,47,630.7,0.199,4.23,False,True,,6TFV,,-5.45,,,0.116,True,14,0,,,False,Alkyl,10.57,False,1,11,0.08,,,related_chemotype,"RELATED to a known chemotype (nearest Tanimoto 0.62) - novel specific structure, known scaffold family",0.625,CHEMBL67057,,62.5,,,,,,,,,,,,,,,,,,,,,,,,,4,,reference_ranking.csv,False,False,0,
EGFR_T790M_panel,kinase / named drug panel,EGFR,generated,lead s7/aim/r1,,,,,False,N#CC=Cc1ccc(CN=NNc2ccc3ncnc(Nc4ccccc4)c3c2)nc1,YSMCCDBGOVDDHS-UHFFFAOYSA-N,31,406.5,0.245,2.94,True,True,,6TFV,,-9.5,,,0.306,True,14,1,,,False,Alkyl,16.14,False,2,11,0.15,,,related_chemotype,"RELATED to a known chemotype (nearest Tanimoto 0.56) - novel specific structure, known scaffold family",0.565,CHEMBL138125,,56.5,,,,,,,,,,,,,,,,,,,,,,,,,4,,reference_ranking.csv,False,False,0,
EGFR_T790M_panel,kinase / named drug panel,EGFR,generated,lead s6/aim/r1,,,,,False,O=C1Nc2ncnc(Nc3ccccc3)c2C1=Cc1ccc(C(=O)N2CCOCC2c2ccccc2)[nH]1,GVPNMUUGYGCGCP-UHFFFAOYSA-N,37,492.5,0.359,3.43,False,True,,6TFV,,-9.98,,,0.27,True,12,1,,,False,,6.66,False,2,12,0.14,,,related_chemotype,"RELATED to a known chemotype (nearest Tanimoto 0.51) - novel specific structure, known scaffold family",0.505,CHEMBL302552,,50.5,,,,,,,,,,,,,,,,,,,,,,,,,4,,reference_ranking.csv,False,False,0,
EGFR_T790M_panel,kinase / named drug panel,EGFR,generated,lead s6/control/r1,,,,,False,CC1CN(C(=O)c2ccc(C=C3C(=O)Nc4ncnc(Nc5ccccc5)c43)[nH]2)CCO1,LCLXDFHTPMIVTM-UHFFFAOYSA-N,32,430.5,0.549,3.4,False,True,,6TFV,,-10.57,,,0.33,True,14,2,,,False,Alkyl,8.95,False,2,12,0.14,,,related_chemotype,"RELATED to a known chemotype (nearest Tanimoto 0.49) - novel specific structure, known scaffold family",0.489,CHEMBL65848,,48.9,,,,,,,,,,,,,,,,,,,,,,,,,4,,reference_ranking.csv,False,False,0,
EGFR_T790M_panel,kinase / named drug panel,EGFR,generated,lead s6/aim/r1,,,,,False,N#Cc1cc(C(=O)N2CCOCC2)[nH]c1C=C1C(=O)Nc2ncnc(Nc3ccccc3)c21,UCVLICMBCHHDSW-UHFFFAOYSA-N,33,441.5,0.529,3.02,False,True,,6TFV,,-8.67,,,0.263,True,10,1,,,False,,6.78,False,0,10,0.0,,,related_chemotype,"RELATED to a known chemotype (nearest Tanimoto 0.63) - novel specific structure, known scaffold family",0.627,CHEMBL65848,,62.7,,,,,,,,,,,,,,,,,,,,,,,,,4,,reference_ranking.csv,False,False,0,
EGFR_T790M_panel,kinase / named drug panel,EGFR,generated,lead s6/control/r1,,,,,False,O=C1Nc2nc(-c3ccoc3)nc(Nc3ccccc3)c2C1=Cc1ccc(C(=O)N2CCOCC2)[nH]1,JMDYYINVMSGJLT-UHFFFAOYSA-N,36,482.5,0.37,3.1,False,True,,6TFV,,-10.43,,,0.29,True,10,0,,,False,,8.93,False,1,13,0.07,,,related_chemotype,"RELATED to a known chemotype (nearest Tanimoto 0.43) - novel specific structure, known scaffold family",0.43,CHEMBL5924019,,43.0,,,,,,,,,,,,,,,,,,,,,,,,,4,,reference_ranking.csv,False,False,0,
EGFR_T790M_AB_stratum1,kinase / aim vs control,EGFR,generated,s9/aim,,,,,False,Cc1cc(C=C2C(=O)Nc3ncnc(Nc4ccc5c(ccn5Cc5ccccc5)c4)c32)[nH]c1C(=O)N1CCOCC1,RAPHVJXWNBSWCY-UHFFFAOYSA-N,42,,0.257,3.13,,,True,6TFV,,-12.57,,,,,,1,,,,,,,2,10,0.17,,,related_chemotype,"RELATED to a known chemotype (nearest Tanimoto 0.80) - novel specific structure, known scaffold family",0.798,CHEMBL67057,,79.8,,,,,,,,,,,,,,,,,,,,,,,,,4,96f20711,bench2_rows.csv,True,False,0,"growth-round score, box differs from the redocked panel"
EGFR_T790M_AB_stratum2,kinase / aim vs control,EGFR,generated,s9/aim,,,,,False,O=C1Nc2ncnc(Nc3ccc4c(ccn4Cc4ccccc4)c3)c2C1=Cc1ccc(C(=O)N2CCOCC2C2COCCN2)[nH]1,WEEYCZVUOJUUTO-UHFFFAOYSA-N,47,,0.199,4.23,,,True,6TFV,,-11.83,,,,,,1,,,,,,,2,13,0.13,,,related_chemotype,"RELATED to a known chemotype (nearest Tanimoto 0.62) - novel specific structure, known scaffold family",0.625,CHEMBL67057,,62.5,,,,,,,,,,,,,,,,,,,,,,,,,4,96f20711,bench2_rows.csv,True,False,0,"growth-round score, box differs from the redocked panel"
EGFR_T790M_AB_stratum1,kinase / aim vs control,EGFR,generated,s7/aim,,,,,False,N#CC=Cc1ccc(CN=NNc2ccc3ncnc(Nc4ccccc4)c3c2)nc1,YSMCCDBGOVDDHS-UHFFFAOYSA-N,31,,0.245,2.94,,,True,6TFV,,-10.43,,,,,,1,,,,,10.59,,2,12,0.14,,,related_chemotype,"RELATED to a known chemotype (nearest Tanimoto 0.56) - novel specific structure, known scaffold family",0.565,CHEMBL138125,,56.5,,,,,,,,,,,,,,,,,,,,,,,,,4,96f20711,bench2_rows.csv,True,False,0,"growth-round score, box differs from the redocked panel"
EGFR_T790M_AB_stratum1,kinase / aim vs control,EGFR,generated,s6/aim,,,,,False,O=C1Nc2ncnc(Nc3ccccc3)c2C1=Cc1ccc(C(=O)N2CCOCC2c2ccccc2)[nH]1,GVPNMUUGYGCGCP-UHFFFAOYSA-N,37,,0.359,3.43,,,True,6TFV,,-11.03,,,,,,0,,,,,,,1,9,0.1,,,related_chemotype,"RELATED to a known chemotype (nearest Tanimoto 0.51) - novel specific structure, known scaffold family",0.505,CHEMBL302552,,50.5,,,,,,,,,,,,,,,,,,,,,,,,,4,96f20711,bench2_rows.csv,True,False,0,"growth-round score, box differs from the redocked panel"
EGFR_T790M_AB_stratum1,kinase / aim vs control,EGFR,generated,s6/control,,,,,False,CC1CN(C(=O)c2ccc(C=C3C(=O)Nc4ncnc(Nc5ccccc5)c43)[nH]2)CCO1,LCLXDFHTPMIVTM-UHFFFAOYSA-N,32,,0.549,3.4,,,True,6TFV,,-9.95,,,,,,0,,,,,,,2,13,0.13,,,related_chemotype,"RELATED to a known chemotype (nearest Tanimoto 0.49) - novel specific structure, known scaffold family",0.489,CHEMBL65848,,48.9,,,,,,,,,,,,,,,,,,,,,,,,,4,96f20711,bench2_rows.csv,True,False,0,"growth-round score, box differs from the redocked panel"
EGFR_T790M_AB_stratum2,kinase / aim vs control,EGFR,generated,s6/aim,,,,,False,N#Cc1cc(C(=O)N2CCOCC2)[nH]c1C=C1C(=O)Nc2ncnc(Nc3ccccc3)c21,UCVLICMBCHHDSW-UHFFFAOYSA-N,33,,0.529,3.02,,,True,6TFV,,-10.3,,,,,,0,,,,,,,1,9,0.1,,,related_chemotype,"RELATED to a known chemotype (nearest Tanimoto 0.63) - novel specific structure, known scaffold family",0.627,CHEMBL65848,,62.7,,,,,,,,,,,,,,,,,,,,,,,,,4,96f20711,bench2_rows.csv,True,False,0,"growth-round score, box differs from the redocked panel"
EGFR_T790M_AB_stratum2,kinase / aim vs control,EGFR,generated,s6/control,,,,,False,O=C1Nc2nc(-c3ccoc3)nc(Nc3ccccc3)c2C1=Cc1ccc(C(=O)N2CCOCC2)[nH]1,JMDYYINVMSGJLT-UHFFFAOYSA-N,36,,0.37,3.1,,,True,6TFV,,-10.59,,,,,,0,,,,,,,2,13,0.13,,,related_chemotype,"RELATED to a known chemotype (nearest Tanimoto 0.43) - novel specific structure, known scaffold family",0.43,CHEMBL5924019,,43.0,,,,,,,,,,,,,,,,,,,,,,,,,4,96f20711,bench2_rows.csv,True,False,0,"growth-round score, box differs from the redocked panel"
